{
  "matrixCount": 4,
  "scaleOffset": 0.6411372,
  "rotationRange": 0.11690884,
  "transformMin": {
    "x": 0.78227097,
    "y": 0.11511642,
    "z": 0.56305856
  },
  "transformMax": {
    "x": 0.0873583,
    "y": 0.4843905,
    "z": 0.9245528
  },
  "seed": 729094053
}