{
  "matrixCount": 4,
  "scaleOffset": 0.24540085,
  "rotationRange": 0.8813207,
  "transformMin": {
    "x": 0.068901464,
    "y": 0.14814219,
    "z": 0.9491764
  },
  "transformMax": {
    "x": 0.76234156,
    "y": 0.8750464,
    "z": 0.24704534
  },
  "seed": 23311249
}