{
  "matrixCount": 5,
  "scaleOffset": 0.092338495,
  "rotationRange": 0.20252153,
  "transformMin": {
    "x": 0.42986792,
    "y": 0.23720545,
    "z": 0.69564974
  },
  "transformMax": {
    "x": 0.46813217,
    "y": 0.09327193,
    "z": 0.13061026
  },
  "seed": 710872341
}