{
  "matrixCount": 5,
  "scaleOffset": 0.28905165,
  "rotationRange": 0.25017637,
  "transformMin": {
    "x": 0.054838378,
    "y": 0.6836137,
    "z": 0.3561882
  },
  "transformMax": {
    "x": 0.86283356,
    "y": 0.64447016,
    "z": 0.24591422
  },
  "seed": 651264340
}