{
  "matrixCount": 5,
  "scaleOffset": 0.9189954,
  "rotationRange": 0.8893916,
  "transformMin": {
    "x": 0.5727437,
    "y": 0.7772414,
    "z": 0.73341334
  },
  "transformMax": {
    "x": 0.74941343,
    "y": 0.98340386,
    "z": 0.7362827
  },
  "seed": 255307660
}