{
  "matrixCount": 4,
  "scaleOffset": 0.35061038,
  "rotationRange": 0.73888385,
  "transformMin": {
    "x": 0.9270049,
    "y": 0.21318531,
    "z": 0.7443054
  },
  "transformMax": {
    "x": 0.10746628,
    "y": 0.2215113,
    "z": 0.23933028
  },
  "seed": 264833064
}