{
  "matrixCount": 4,
  "scaleOffset": 0.66484386,
  "rotationRange": 0.07534137,
  "transformMin": {
    "x": 0.45396024,
    "y": 0.0014986135,
    "z": 0.605474
  },
  "transformMax": {
    "x": 0.09554402,
    "y": 0.7710636,
    "z": 0.8047925
  },
  "seed": 474012617
}