{
  "matrixCount": 4,
  "scaleOffset": 0.5116295,
  "rotationRange": 0.76717085,
  "transformMin": {
    "x": 0.65698326,
    "y": 0.06962731,
    "z": 0.683154
  },
  "transformMax": {
    "x": 0.3545356,
    "y": 0.8390098,
    "z": 0.8630287
  },
  "seed": 195904837
}