{
  "matrixCount": 4,
  "scaleOffset": 0.5704997,
  "rotationRange": 0.42294958,
  "transformMin": {
    "x": 0.47172648,
    "y": 0.816946,
    "z": 0.48753604
  },
  "transformMax": {
    "x": 0.75691986,
    "y": 0.9283314,
    "z": 0.5800631
  },
  "seed": 887584621
}