{
  "matrixCount": 5,
  "scaleOffset": 0.10336884,
  "rotationRange": 0.39385659,
  "transformMin": {
    "x": 0.11611361,
    "y": 0.4250618,
    "z": 0.034540877
  },
  "transformMax": {
    "x": 0.06543441,
    "y": 0.072007895,
    "z": 0.858163
  },
  "seed": 491584571
}