{
  "matrixCount": 4,
  "scaleOffset": 0.84505266,
  "rotationRange": 0.5378133,
  "transformMin": {
    "x": 0.45515707,
    "y": 0.73396236,
    "z": 0.277036
  },
  "transformMax": {
    "x": 0.28908443,
    "y": 0.19993122,
    "z": 0.30749914
  },
  "seed": 637823602
}