{
  "matrixCount": 5,
  "scaleOffset": 0.082156,
  "rotationRange": 0.45340997,
  "transformMin": {
    "x": 0.505887,
    "y": 0.20334952,
    "z": 0.49866638
  },
  "transformMax": {
    "x": 0.33330023,
    "y": 0.45901728,
    "z": 0.13491188
  },
  "seed": 764505985
}