{
  "matrixCount": 5,
  "scaleOffset": 0.31549206,
  "rotationRange": 0.08902973,
  "transformMin": {
    "x": 0.5273371,
    "y": 0.07582863,
    "z": 0.8651963
  },
  "transformMax": {
    "x": 0.9897492,
    "y": 0.029779304,
    "z": 0.09670201
  },
  "seed": 319712198
}