{
  "matrixCount": 4,
  "scaleOffset": 0.5496276,
  "rotationRange": 0.16194248,
  "transformMin": {
    "x": 0.7944393,
    "y": 0.41574377,
    "z": 0.15117472
  },
  "transformMax": {
    "x": 0.9678961,
    "y": 0.573201,
    "z": 0.9391575
  },
  "seed": 368972049
}