{
  "matrixCount": 4,
  "scaleOffset": 0.5105214,
  "rotationRange": 0.5176636,
  "transformMin": {
    "x": 0.19890568,
    "y": 0.38937345,
    "z": 0.34344816
  },
  "transformMax": {
    "x": 0.76457715,
    "y": 0.8658767,
    "z": 0.013294553
  },
  "seed": 244531756
}