{
  "matrixCount": 4,
  "scaleOffset": 0.71148115,
  "rotationRange": 0.012430137,
  "transformMin": {
    "x": 0.6281726,
    "y": 0.46599022,
    "z": 0.5247059
  },
  "transformMax": {
    "x": 0.38289216,
    "y": 0.052832745,
    "z": 0.5540542
  },
  "seed": 995420636
}