{
  "matrixCount": 5,
  "scaleOffset": 0.41466826,
  "rotationRange": 0.28525484,
  "transformMin": {
    "x": 0.36964715,
    "y": 0.14189659,
    "z": 0.93495685
  },
  "transformMax": {
    "x": 0.10805746,
    "y": 0.6548753,
    "z": 0.65353507
  },
  "seed": 1824689
}