{
  "matrixCount": 5,
  "scaleOffset": 0.071771786,
  "rotationRange": 0.8991189,
  "transformMin": {
    "x": 0.119219065,
    "y": 0.14209923,
    "z": 0.98960894
  },
  "transformMax": {
    "x": 0.6200999,
    "y": 0.08421493,
    "z": 0.54857403
  },
  "seed": 961791217
}