{
  "matrixCount": 5,
  "scaleOffset": 0.32555288,
  "rotationRange": 0.4865018,
  "transformMin": {
    "x": 0.23377655,
    "y": 0.95814145,
    "z": 0.4202594
  },
  "transformMax": {
    "x": 0.9773428,
    "y": 0.71121234,
    "z": 0.16494057
  },
  "seed": 157143429
}