{
  "matrixCount": 4,
  "scaleOffset": 0.59016824,
  "rotationRange": 0.30802885,
  "transformMin": {
    "x": 0.20811373,
    "y": 0.23705684,
    "z": 0.036827587
  },
  "transformMax": {
    "x": 0.5505472,
    "y": 0.19977476,
    "z": 0.9500634
  },
  "seed": 772256986
}