{
  "matrixCount": 5,
  "scaleOffset": 0.24980631,
  "rotationRange": 0.1524875,
  "transformMin": {
    "x": 0.0142894825,
    "y": 0.5996813,
    "z": 0.9496513
  },
  "transformMax": {
    "x": 0.73890936,
    "y": 0.5737491,
    "z": 0.44453892
  },
  "seed": 91275697
}