{
  "matrixCount": 4,
  "scaleOffset": 0.65362865,
  "rotationRange": 0.7544417,
  "transformMin": {
    "x": 0.079152174,
    "y": 0.04540662,
    "z": 0.7014128
  },
  "transformMax": {
    "x": 0.93841505,
    "y": 0.75966424,
    "z": 0.95362455
  },
  "seed": 190912333
}