{
  "matrixCount": 5,
  "scaleOffset": 0.995992,
  "rotationRange": 0.30099535,
  "transformMin": {
    "x": 0.4424341,
    "y": 0.42325872,
    "z": 0.0004942622
  },
  "transformMax": {
    "x": 0.035651185,
    "y": 0.26113677,
    "z": 0.43111014
  },
  "seed": 937540403
}