{
  "matrixCount": 4,
  "scaleOffset": 0.06826304,
  "rotationRange": 0.9567865,
  "transformMin": {
    "x": 0.86821705,
    "y": 0.13256557,
    "z": 0.79744154
  },
  "transformMax": {
    "x": 0.63958067,
    "y": 0.13957018,
    "z": 0.6483103
  },
  "seed": 62502537
}