{
  "matrixCount": 4,
  "scaleOffset": 0.3994351,
  "rotationRange": 0.7559688,
  "transformMin": {
    "x": 0.59313065,
    "y": 0.25505456,
    "z": 0.61212516
  },
  "transformMax": {
    "x": 0.3001728,
    "y": 0.33096686,
    "z": 0.90518695
  },
  "seed": 110062096
}