{
  "matrixCount": 4,
  "scaleOffset": 0.09134135,
  "rotationRange": 0.7540065,
  "transformMin": {
    "x": 0.26202583,
    "y": 0.028810684,
    "z": 0.6036371
  },
  "transformMax": {
    "x": 0.791498,
    "y": 0.97164345,
    "z": 0.7861771
  },
  "seed": 732796961
}