{
  "matrixCount": 5,
  "scaleOffset": 0.18617885,
  "rotationRange": 0.41051444,
  "transformMin": {
    "x": 0.1584481,
    "y": 0.81125283,
    "z": 0.0130982185
  },
  "transformMax": {
    "x": 0.30897453,
    "y": 0.06569171,
    "z": 0.2439956
  },
  "seed": 101923861
}