{
  "matrixCount": 4,
  "scaleOffset": 0.72325206,
  "rotationRange": 0.15691808,
  "transformMin": {
    "x": 0.78773177,
    "y": 0.74646646,
    "z": 0.28316522
  },
  "transformMax": {
    "x": 0.30578762,
    "y": 0.95737696,
    "z": 0.41713262
  },
  "seed": 839827277
}