{
  "matrixCount": 5,
  "scaleOffset": 0.16587248,
  "rotationRange": 0.8381318,
  "transformMin": {
    "x": 0.9886058,
    "y": 0.40811804,
    "z": 0.9337294
  },
  "transformMax": {
    "x": 0.80341554,
    "y": 0.3696493,
    "z": 0.9455644
  },
  "seed": 572974614
}