{
  "matrixCount": 5,
  "scaleOffset": 0.21210045,
  "rotationRange": 0.97529894,
  "transformMin": {
    "x": 0.87558734,
    "y": 0.56066275,
    "z": 0.45760232
  },
  "transformMax": {
    "x": 0.54812795,
    "y": 0.9905533,
    "z": 0.86198866
  },
  "seed": 241633999
}