{
  "matrixCount": 4,
  "scaleOffset": 0.576022,
  "rotationRange": 0.32923922,
  "transformMin": {
    "x": 0.7309153,
    "y": 0.9907919,
    "z": 0.15231661
  },
  "transformMax": {
    "x": 0.7742169,
    "y": 0.21402997,
    "z": 0.66610193
  },
  "seed": 837193387
}