{
  "matrixCount": 5,
  "scaleOffset": 0.16521831,
  "rotationRange": 0.48828903,
  "transformMin": {
    "x": 0.30662057,
    "y": 0.61388314,
    "z": 0.8663089
  },
  "transformMax": {
    "x": 0.06323112,
    "y": 0.6439828,
    "z": 0.47908363
  },
  "seed": 859580739
}