{
  "matrixCount": 5,
  "scaleOffset": 0.86607426,
  "rotationRange": 0.3920685,
  "transformMin": {
    "x": 0.5750545,
    "y": 0.5813214,
    "z": 0.7584412
  },
  "transformMax": {
    "x": 0.109515265,
    "y": 0.75281304,
    "z": 0.9246715
  },
  "seed": 447371290
}