{
  "matrixCount": 4,
  "scaleOffset": 0.03170893,
  "rotationRange": 0.04286656,
  "transformMin": {
    "x": 0.7344314,
    "y": 0.6701809,
    "z": 0.69816494
  },
  "transformMax": {
    "x": 0.6874234,
    "y": 0.39497805,
    "z": 0.6184916
  },
  "seed": 522785298
}