{
  "matrixCount": 4,
  "scaleOffset": 0.52564645,
  "rotationRange": 0.75211525,
  "transformMin": {
    "x": 0.99839145,
    "y": 0.5014301,
    "z": 0.009331015
  },
  "transformMax": {
    "x": 0.3206509,
    "y": 0.4684768,
    "z": 0.5153051
  },
  "seed": 907134652
}