{
  "matrixCount": 5,
  "scaleOffset": 0.091278575,
  "rotationRange": 0.9553026,
  "transformMin": {
    "x": 0.13751532,
    "y": 0.6117403,
    "z": 0.6984558
  },
  "transformMax": {
    "x": 0.005224745,
    "y": 0.7075423,
    "z": 0.66715497
  },
  "seed": 803168354
}