{
  "matrixCount": 5,
  "scaleOffset": 0.031774506,
  "rotationRange": 0.799697,
  "transformMin": {
    "x": 0.67630506,
    "y": 0.85719323,
    "z": 0.113288544
  },
  "transformMax": {
    "x": 0.5988966,
    "y": 0.8286019,
    "z": 0.11257149
  },
  "seed": 460244416
}