{
  "matrixCount": 4,
  "scaleOffset": 0.38904434,
  "rotationRange": 0.060636356,
  "transformMin": {
    "x": 0.38597187,
    "y": 0.07532845,
    "z": 0.1468886
  },
  "transformMax": {
    "x": 0.762397,
    "y": 0.6683683,
    "z": 0.6455206
  },
  "seed": 340482714
}