{
  "matrixCount": 4,
  "scaleOffset": 0.10392435,
  "rotationRange": 0.83924305,
  "transformMin": {
    "x": 0.40716118,
    "y": 0.42038196,
    "z": 0.49059036
  },
  "transformMax": {
    "x": 0.9209449,
    "y": 0.24475956,
    "z": 0.24239781
  },
  "seed": 778135396
}