{
  "matrixCount": 5,
  "scaleOffset": 0.091642454,
  "rotationRange": 0.8422795,
  "transformMin": {
    "x": 0.75366235,
    "y": 0.91470546,
    "z": 0.34939522
  },
  "transformMax": {
    "x": 0.5329308,
    "y": 0.53428143,
    "z": 0.29237974
  },
  "seed": 426894379
}