{
  "matrixCount": 4,
  "scaleOffset": 0.22213425,
  "rotationRange": 0.3215854,
  "transformMin": {
    "x": 0.1691993,
    "y": 0.09054637,
    "z": 0.6372886
  },
  "transformMax": {
    "x": 0.2427295,
    "y": 0.13499951,
    "z": 0.39001498
  },
  "seed": 647173477
}