{
  "matrixCount": 5,
  "scaleOffset": 0.23958923,
  "rotationRange": 0.32855958,
  "transformMin": {
    "x": 0.7676834,
    "y": 0.9926297,
    "z": 0.5719028
  },
  "transformMax": {
    "x": 0.008060173,
    "y": 0.09145271,
    "z": 0.14901686
  },
  "seed": 999005926
}