{
  "matrixCount": 5,
  "scaleOffset": 0.21979134,
  "rotationRange": 0.18672028,
  "transformMin": {
    "x": 0.33983922,
    "y": 0.86221534,
    "z": 0.26426262
  },
  "transformMax": {
    "x": 0.78632164,
    "y": 0.52595586,
    "z": 0.11693689
  },
  "seed": 608932186
}