{
  "matrixCount": 5,
  "scaleOffset": 0.90667075,
  "rotationRange": 0.1889421,
  "transformMin": {
    "x": 0.45980856,
    "y": 0.95540524,
    "z": 0.41492757
  },
  "transformMax": {
    "x": 0.239085,
    "y": 0.7282669,
    "z": 0.32766065
  },
  "seed": 89704846
}