{
  "matrixCount": 5,
  "scaleOffset": 0.9392091,
  "rotationRange": 0.44020423,
  "transformMin": {
    "x": 0.2339932,
    "y": 0.5615104,
    "z": 0.8241758
  },
  "transformMax": {
    "x": 0.66121274,
    "y": 0.58911955,
    "z": 0.4769627
  },
  "seed": 663392832
}