{
  "matrixCount": 4,
  "scaleOffset": 0.576469,
  "rotationRange": 0.7737495,
  "transformMin": {
    "x": 0.7373282,
    "y": 0.5833936,
    "z": 0.2299314
  },
  "transformMax": {
    "x": 0.30709344,
    "y": 0.19945927,
    "z": 0.31287867
  },
  "seed": 623840811
}