{
  "matrixCount": 5,
  "scaleOffset": 0.13081703,
  "rotationRange": 0.017853098,
  "transformMin": {
    "x": 0.254657,
    "y": 0.7893403,
    "z": 0.24503636
  },
  "transformMax": {
    "x": 0.3193241,
    "y": 0.9851367,
    "z": 0.48890015
  },
  "seed": 990650958
}