{
  "matrixCount": 5,
  "scaleOffset": 0.67718905,
  "rotationRange": 0.14567451,
  "transformMin": {
    "x": 0.2738342,
    "y": 0.9620687,
    "z": 0.63854575
  },
  "transformMax": {
    "x": 0.9018275,
    "y": 0.19940321,
    "z": 0.5738271
  },
  "seed": 873164007
}