{
  "matrixCount": 5,
  "scaleOffset": 0.38987663,
  "rotationRange": 0.48430708,
  "transformMin": {
    "x": 0.08199624,
    "y": 0.31230077,
    "z": 0.5509248
  },
  "transformMax": {
    "x": 0.5346545,
    "y": 0.20451893,
    "z": 0.5410474
  },
  "seed": 539543966
}