{
  "matrixCount": 4,
  "scaleOffset": 0.290212,
  "rotationRange": 0.07492449,
  "transformMin": {
    "x": 0.3107137,
    "y": 0.32375413,
    "z": 0.57041
  },
  "transformMax": {
    "x": 0.21646802,
    "y": 0.85327196,
    "z": 0.9692704
  },
  "seed": 1997593
}