{
  "matrixCount": 4,
  "scaleOffset": 0.72255594,
  "rotationRange": 0.2767694,
  "transformMin": {
    "x": 0.66172624,
    "y": 0.5529582,
    "z": 0.6991776
  },
  "transformMax": {
    "x": 0.42370415,
    "y": 0.5303003,
    "z": 0.10970139
  },
  "seed": 557465410
}