{
  "matrixCount": 5,
  "scaleOffset": 0.41295585,
  "rotationRange": 0.37771386,
  "transformMin": {
    "x": 0.5169137,
    "y": 0.40585524,
    "z": 0.49077508
  },
  "transformMax": {
    "x": 0.1867039,
    "y": 0.86678576,
    "z": 0.6178135
  },
  "seed": 672192458
}