{
  "matrixCount": 5,
  "scaleOffset": 0.24211925,
  "rotationRange": 0.7467432,
  "transformMin": {
    "x": 0.12115263,
    "y": 0.23070805,
    "z": 0.5088004
  },
  "transformMax": {
    "x": 0.5346565,
    "y": 0.31259075,
    "z": 0.37702408
  },
  "seed": 379236567
}