{
  "matrixCount": 5,
  "scaleOffset": 0.26440892,
  "rotationRange": 0.31403655,
  "transformMin": {
    "x": 0.43419316,
    "y": 0.21649648,
    "z": 0.901788
  },
  "transformMax": {
    "x": 0.55021805,
    "y": 0.35981163,
    "z": 0.100335024
  },
  "seed": 325028934
}