{
  "matrixCount": 4,
  "scaleOffset": 0.39162326,
  "rotationRange": 0.42773873,
  "transformMin": {
    "x": 0.698361,
    "y": 0.64864373,
    "z": 0.4919349
  },
  "transformMax": {
    "x": 0.78491086,
    "y": 0.45530355,
    "z": 0.46890903
  },
  "seed": 786634885
}