{
  "matrixCount": 4,
  "scaleOffset": 0.40943158,
  "rotationRange": 0.84136003,
  "transformMin": {
    "x": 0.7892578,
    "y": 0.18502651,
    "z": 0.8607301
  },
  "transformMax": {
    "x": 0.75708866,
    "y": 0.057931412,
    "z": 0.3420646
  },
  "seed": 286722428
}