{
  "matrixCount": 5,
  "scaleOffset": 0.43870983,
  "rotationRange": 0.44807985,
  "transformMin": {
    "x": 0.9169572,
    "y": 0.15250418,
    "z": 0.63104165
  },
  "transformMax": {
    "x": 0.332642,
    "y": 0.60162085,
    "z": 0.25962284
  },
  "seed": 519960008
}