{
  "matrixCount": 5,
  "scaleOffset": 0.25705418,
  "rotationRange": 0.11066508,
  "transformMin": {
    "x": 0.245554,
    "y": 0.47982818,
    "z": 0.9526368
  },
  "transformMax": {
    "x": 0.75349766,
    "y": 0.6311033,
    "z": 0.3348782
  },
  "seed": 829636506
}