{
  "matrixCount": 5,
  "scaleOffset": 0.82765406,
  "rotationRange": 0.13538508,
  "transformMin": {
    "x": 0.086363785,
    "y": 0.94724256,
    "z": 0.50301427
  },
  "transformMax": {
    "x": 0.8489676,
    "y": 0.17506729,
    "z": 0.30572173
  },
  "seed": 522510698
}