{
  "matrixCount": 5,
  "scaleOffset": 0.16443153,
  "rotationRange": 0.3283694,
  "transformMin": {
    "x": 0.08656854,
    "y": 0.029125497,
    "z": 0.5384612
  },
  "transformMax": {
    "x": 0.8268318,
    "y": 0.5698536,
    "z": 0.6726839
  },
  "seed": 162909203
}