{
  "matrixCount": 4,
  "scaleOffset": 0.9415918,
  "rotationRange": 0.9184233,
  "transformMin": {
    "x": 0.69385266,
    "y": 0.7980823,
    "z": 0.40244704
  },
  "transformMax": {
    "x": 0.14766648,
    "y": 0.8153809,
    "z": 0.19796658
  },
  "seed": 634185338
}