{
  "matrixCount": 5,
  "scaleOffset": 0.80512154,
  "rotationRange": 0.5007461,
  "transformMin": {
    "x": 0.7157499,
    "y": 0.22041446,
    "z": 0.17753832
  },
  "transformMax": {
    "x": 0.21795925,
    "y": 0.12038953,
    "z": 0.3326735
  },
  "seed": 553234092
}