{
  "matrixCount": 5,
  "scaleOffset": 0.4046272,
  "rotationRange": 0.58481777,
  "transformMin": {
    "x": 0.7391563,
    "y": 0.13350438,
    "z": 0.55863225
  },
  "transformMax": {
    "x": 0.6950651,
    "y": 0.7846676,
    "z": 0.67254597
  },
  "seed": 314610007
}