{
  "matrixCount": 4,
  "scaleOffset": 0.8912684,
  "rotationRange": 0.4185576,
  "transformMin": {
    "x": 0.736236,
    "y": 0.836406,
    "z": 0.16439258
  },
  "transformMax": {
    "x": 0.11187608,
    "y": 0.53553927,
    "z": 0.9805001
  },
  "seed": 249950571
}