{
  "matrixCount": 4,
  "scaleOffset": 0.26903066,
  "rotationRange": 0.20857407,
  "transformMin": {
    "x": 0.8890208,
    "y": 0.64780307,
    "z": 0.095804274
  },
  "transformMax": {
    "x": 0.3922407,
    "y": 0.98443645,
    "z": 0.8447073
  },
  "seed": 800630213
}