{
  "matrixCount": 5,
  "scaleOffset": 0.15027376,
  "rotationRange": 0.60074073,
  "transformMin": {
    "x": 0.6491368,
    "y": 0.12207988,
    "z": 0.84097177
  },
  "transformMax": {
    "x": 0.44071236,
    "y": 0.048082028,
    "z": 0.33042744
  },
  "seed": 460131457
}