{
  "matrixCount": 4,
  "scaleOffset": 0.23411454,
  "rotationRange": 0.21204151,
  "transformMin": {
    "x": 0.9320025,
    "y": 0.9896299,
    "z": 0.083376974
  },
  "transformMax": {
    "x": 0.71594554,
    "y": 0.9715351,
    "z": 0.75099593
  },
  "seed": 820610072
}