{
  "matrixCount": 4,
  "scaleOffset": 0.68355334,
  "rotationRange": 0.769874,
  "transformMin": {
    "x": 0.9933994,
    "y": 0.3937565,
    "z": 0.17124996
  },
  "transformMax": {
    "x": 0.853276,
    "y": 0.883826,
    "z": 0.25165114
  },
  "seed": 921600757
}