{
  "matrixCount": 5,
  "scaleOffset": 0.984875,
  "rotationRange": 0.76554835,
  "transformMin": {
    "x": 0.93936837,
    "y": 0.41617224,
    "z": 0.07313002
  },
  "transformMax": {
    "x": 0.7096476,
    "y": 0.6702065,
    "z": 0.899197
  },
  "seed": 337397102
}