{
  "matrixCount": 4,
  "scaleOffset": 0.6202026,
  "rotationRange": 0.057127517,
  "transformMin": {
    "x": 0.74654084,
    "y": 0.80606425,
    "z": 0.31865218
  },
  "transformMax": {
    "x": 0.7748232,
    "y": 0.46815127,
    "z": 0.15871075
  },
  "seed": 192252282
}