{
  "matrixCount": 4,
  "scaleOffset": 0.66412205,
  "rotationRange": 0.36787,
  "transformMin": {
    "x": 0.7125295,
    "y": 0.03478885,
    "z": 0.2834655
  },
  "transformMax": {
    "x": 0.687333,
    "y": 0.6856889,
    "z": 0.13752344
  },
  "seed": 150261756
}