{
  "matrixCount": 4,
  "scaleOffset": 0.02562392,
  "rotationRange": 0.2246185,
  "transformMin": {
    "x": 0.005786098,
    "y": 0.35085964,
    "z": 0.76855063
  },
  "transformMax": {
    "x": 0.07130235,
    "y": 0.5394564,
    "z": 0.64904946
  },
  "seed": 661341973
}