{
  "matrixCount": 5,
  "scaleOffset": 0.6047271,
  "rotationRange": 0.505569,
  "transformMin": {
    "x": 0.21106373,
    "y": 0.74034053,
    "z": 0.41841418
  },
  "transformMax": {
    "x": 0.5089025,
    "y": 0.40255156,
    "z": 0.54443073
  },
  "seed": 205291438
}