{
  "matrixCount": 5,
  "scaleOffset": 0.10341864,
  "rotationRange": 0.16491644,
  "transformMin": {
    "x": 0.31439656,
    "y": 0.17780086,
    "z": 0.018999808
  },
  "transformMax": {
    "x": 0.13623552,
    "y": 0.6375769,
    "z": 0.81695324
  },
  "seed": 509969951
}