{
  "matrixCount": 5,
  "scaleOffset": 0.350579,
  "rotationRange": 0.97946924,
  "transformMin": {
    "x": 0.07240936,
    "y": 0.509318,
    "z": 0.6434222
  },
  "transformMax": {
    "x": 0.58707684,
    "y": 0.6416216,
    "z": 0.095564015
  },
  "seed": 773251059
}