{
  "matrixCount": 5,
  "scaleOffset": 0.030014977,
  "rotationRange": 0.9657672,
  "transformMin": {
    "x": 0.7882442,
    "y": 0.8218286,
    "z": 0.43939996
  },
  "transformMax": {
    "x": 0.35437807,
    "y": 0.32631192,
    "z": 0.7236386
  },
  "seed": 482343510
}