{
  "matrixCount": 4,
  "scaleOffset": 0.49179402,
  "rotationRange": 0.18303704,
  "transformMin": {
    "x": 0.66204256,
    "y": 0.09316913,
    "z": 0.635369
  },
  "transformMax": {
    "x": 0.9752943,
    "y": 0.9735558,
    "z": 0.6860276
  },
  "seed": 438661725
}