{
  "matrixCount": 4,
  "scaleOffset": 0.63356763,
  "rotationRange": 0.63157684,
  "transformMin": {
    "x": 0.7688535,
    "y": 0.5684706,
    "z": 0.9776402
  },
  "transformMax": {
    "x": 0.17256588,
    "y": 0.091377355,
    "z": 0.27248308
  },
  "seed": 186871599
}