{
  "matrixCount": 4,
  "scaleOffset": 0.26861808,
  "rotationRange": 0.7381157,
  "transformMin": {
    "x": 0.36721125,
    "y": 0.7544843,
    "z": 0.3819101
  },
  "transformMax": {
    "x": 0.4210328,
    "y": 0.4380189,
    "z": 0.14517438
  },
  "seed": 119411136
}