{
  "matrixCount": 4,
  "scaleOffset": 0.4141523,
  "rotationRange": 0.60833204,
  "transformMin": {
    "x": 0.32931703,
    "y": 0.9692091,
    "z": 0.4143502
  },
  "transformMax": {
    "x": 0.29876956,
    "y": 0.44313607,
    "z": 0.65223825
  },
  "seed": 859632952
}