{
  "matrixCount": 5,
  "scaleOffset": 0.8567381,
  "rotationRange": 0.13996725,
  "transformMin": {
    "x": 0.27516678,
    "y": 0.7304499,
    "z": 0.48554638
  },
  "transformMax": {
    "x": 0.5350225,
    "y": 0.040573735,
    "z": 0.9960829
  },
  "seed": 702187945
}