{
  "matrixCount": 5,
  "scaleOffset": 0.416296,
  "rotationRange": 0.1915003,
  "transformMin": {
    "x": 0.39584196,
    "y": 0.6779571,
    "z": 0.90746254
  },
  "transformMax": {
    "x": 0.33145067,
    "y": 0.8833382,
    "z": 0.58188486
  },
  "seed": 640673150
}