{
  "matrixCount": 5,
  "scaleOffset": 0.44331655,
  "rotationRange": 0.5613624,
  "transformMin": {
    "x": 0.6773901,
    "y": 0.14979586,
    "z": 0.13946883
  },
  "transformMax": {
    "x": 0.30027655,
    "y": 0.5383439,
    "z": 0.48113042
  },
  "seed": 15509203
}