{
  "matrixCount": 5,
  "scaleOffset": 0.33390275,
  "rotationRange": 0.58249605,
  "transformMin": {
    "x": 0.15225016,
    "y": 0.866959,
    "z": 0.9068543
  },
  "transformMax": {
    "x": 0.43469793,
    "y": 0.12257071,
    "z": 0.028584907
  },
  "seed": 457956820
}