{
  "matrixCount": 4,
  "scaleOffset": 0.24537034,
  "rotationRange": 0.093470104,
  "transformMin": {
    "x": 0.42970785,
    "y": 0.95829666,
    "z": 0.98423564
  },
  "transformMax": {
    "x": 0.803633,
    "y": 0.4204451,
    "z": 0.14183936
  },
  "seed": 993412919
}