{
  "matrixCount": 5,
  "scaleOffset": 0.6016653,
  "rotationRange": 0.07803194,
  "transformMin": {
    "x": 0.8792522,
    "y": 0.03008813,
    "z": 0.5975619
  },
  "transformMax": {
    "x": 0.43507218,
    "y": 0.6015597,
    "z": 0.27743366
  },
  "seed": 122342355
}