{
  "matrixCount": 4,
  "scaleOffset": 0.13402319,
  "rotationRange": 0.32437652,
  "transformMin": {
    "x": 0.45830283,
    "y": 0.34374356,
    "z": 0.25769052
  },
  "transformMax": {
    "x": 0.010538177,
    "y": 0.09600804,
    "z": 0.56590056
  },
  "seed": 120499767
}