{
  "matrixCount": 5,
  "scaleOffset": 0.4994278,
  "rotationRange": 0.5664288,
  "transformMin": {
    "x": 0.0138790505,
    "y": 0.45551044,
    "z": 0.15117401
  },
  "transformMax": {
    "x": 0.6826758,
    "y": 0.96227276,
    "z": 0.6298447
  },
  "seed": 799280469
}