{
  "matrixCount": 4,
  "scaleOffset": 0.9658522,
  "rotationRange": 0.96524274,
  "transformMin": {
    "x": 0.46263868,
    "y": 0.3335351,
    "z": 0.7569747
  },
  "transformMax": {
    "x": 0.16344975,
    "y": 0.47461465,
    "z": 0.23882341
  },
  "seed": 68518850
}