{
  "matrixCount": 5,
  "scaleOffset": 0.2762703,
  "rotationRange": 0.70385796,
  "transformMin": {
    "x": 0.9202843,
    "y": 0.7972426,
    "z": 0.7788681
  },
  "transformMax": {
    "x": 0.71797454,
    "y": 0.052054342,
    "z": 0.6010478
  },
  "seed": 255624697
}