{
  "matrixCount": 4,
  "scaleOffset": 0.28054246,
  "rotationRange": 0.4031621,
  "transformMin": {
    "x": 0.5319374,
    "y": 0.0050512217,
    "z": 0.28743112
  },
  "transformMax": {
    "x": 0.14175372,
    "y": 0.7854967,
    "z": 0.8699114
  },
  "seed": 12988138
}