{
  "matrixCount": 4,
  "scaleOffset": 0.43446767,
  "rotationRange": 0.8278135,
  "transformMin": {
    "x": 0.68569386,
    "y": 0.24930005,
    "z": 0.4141663
  },
  "transformMax": {
    "x": 0.64585483,
    "y": 0.97978085,
    "z": 0.25651532
  },
  "seed": 445771833
}