{
  "matrixCount": 4,
  "scaleOffset": 0.81516415,
  "rotationRange": 0.60190254,
  "transformMin": {
    "x": 0.41941333,
    "y": 0.21496111,
    "z": 0.88752526
  },
  "transformMax": {
    "x": 0.43977842,
    "y": 0.98633486,
    "z": 0.3154482
  },
  "seed": 294322178
}