{
  "matrixCount": 4,
  "scaleOffset": 0.015402384,
  "rotationRange": 0.7703845,
  "transformMin": {
    "x": 0.4750558,
    "y": 0.8996092,
    "z": 0.010912439
  },
  "transformMax": {
    "x": 0.11658948,
    "y": 0.49513656,
    "z": 0.02269094
  },
  "seed": 839754274
}