{
  "matrixCount": 5,
  "scaleOffset": 0.30743834,
  "rotationRange": 0.5651754,
  "transformMin": {
    "x": 0.4301146,
    "y": 0.9796339,
    "z": 0.99653876
  },
  "transformMax": {
    "x": 0.51039886,
    "y": 0.7388906,
    "z": 0.40617242
  },
  "seed": 823210596
}