{
  "matrixCount": 5,
  "scaleOffset": 0.98054326,
  "rotationRange": 0.41711238,
  "transformMin": {
    "x": 0.50115365,
    "y": 0.81686395,
    "z": 0.38670632
  },
  "transformMax": {
    "x": 0.82154506,
    "y": 0.52448434,
    "z": 0.9445657
  },
  "seed": 530519501
}