{
  "matrixCount": 5,
  "scaleOffset": 0.40500164,
  "rotationRange": 0.7187587,
  "transformMin": {
    "x": 0.9216063,
    "y": 0.640886,
    "z": 0.9797719
  },
  "transformMax": {
    "x": 0.6173522,
    "y": 0.90102017,
    "z": 0.934745
  },
  "seed": 202146863
}