{
  "matrixCount": 4,
  "scaleOffset": 0.2463114,
  "rotationRange": 0.9598233,
  "transformMin": {
    "x": 0.12606688,
    "y": 0.39886343,
    "z": 0.2234924
  },
  "transformMax": {
    "x": 0.3573149,
    "y": 0.31283766,
    "z": 0.7547677
  },
  "seed": 945387048
}