{
  "matrixCount": 5,
  "scaleOffset": 0.62608993,
  "rotationRange": 0.7070545,
  "transformMin": {
    "x": 0.06478164,
    "y": 0.23196587,
    "z": 0.06971641
  },
  "transformMax": {
    "x": 0.6164044,
    "y": 0.7167234,
    "z": 0.07051637
  },
  "seed": 851735835
}