{
  "matrixCount": 4,
  "scaleOffset": 0.31248045,
  "rotationRange": 0.17598179,
  "transformMin": {
    "x": 0.26678342,
    "y": 0.17943998,
    "z": 0.03129656
  },
  "transformMax": {
    "x": 0.43519172,
    "y": 0.98054385,
    "z": 0.38886762
  },
  "seed": 624622758
}