{
  "matrixCount": 5,
  "scaleOffset": 0.696932,
  "rotationRange": 0.05215091,
  "transformMin": {
    "x": 0.12798616,
    "y": 0.27183205,
    "z": 0.56589437
  },
  "transformMax": {
    "x": 0.42753705,
    "y": 0.70415187,
    "z": 0.3975177
  },
  "seed": 896123435
}