{
  "matrixCount": 5,
  "scaleOffset": 0.8082288,
  "rotationRange": 0.8721449,
  "transformMin": {
    "x": 0.8403641,
    "y": 0.3473148,
    "z": 0.025036909
  },
  "transformMax": {
    "x": 0.69886565,
    "y": 0.29331845,
    "z": 0.816063
  },
  "seed": 466901019
}