{
  "matrixCount": 4,
  "scaleOffset": 0.26198992,
  "rotationRange": 0.6899038,
  "transformMin": {
    "x": 0.31013075,
    "y": 0.772609,
    "z": 0.094443515
  },
  "transformMax": {
    "x": 0.40752232,
    "y": 0.36468333,
    "z": 0.116227165
  },
  "seed": 844339728
}