{
  "matrixCount": 5,
  "scaleOffset": 0.8164293,
  "rotationRange": 0.22990249,
  "transformMin": {
    "x": 0.8435242,
    "y": 0.7137683,
    "z": 0.62889135
  },
  "transformMax": {
    "x": 0.30938527,
    "y": 0.5232435,
    "z": 0.101534836
  },
  "seed": 356197867
}