{
  "matrixCount": 4,
  "scaleOffset": 0.9138299,
  "rotationRange": 0.33456728,
  "transformMin": {
    "x": 0.098330975,
    "y": 0.5614483,
    "z": 0.27041474
  },
  "transformMax": {
    "x": 0.64908445,
    "y": 0.2826669,
    "z": 0.10846231
  },
  "seed": 551777874
}