{
  "matrixCount": 5,
  "scaleOffset": 0.36160827,
  "rotationRange": 0.46197152,
  "transformMin": {
    "x": 0.0024895193,
    "y": 0.5837645,
    "z": 0.4758765
  },
  "transformMax": {
    "x": 0.10112459,
    "y": 0.17227687,
    "z": 0.22338222
  },
  "seed": 304291374
}