{
  "matrixCount": 4,
  "scaleOffset": 0.6917519,
  "rotationRange": 0.8825803,
  "transformMin": {
    "x": 0.15463528,
    "y": 0.41913062,
    "z": 0.9803786
  },
  "transformMax": {
    "x": 0.22367233,
    "y": 0.8964295,
    "z": 0.52757
  },
  "seed": 418752521
}