{
  "matrixCount": 4,
  "scaleOffset": 0.76526016,
  "rotationRange": 0.92762804,
  "transformMin": {
    "x": 0.39216176,
    "y": 0.9300199,
    "z": 0.12974194
  },
  "transformMax": {
    "x": 0.65648216,
    "y": 0.6692988,
    "z": 0.65449864
  },
  "seed": 390974781
}