{
  "matrixCount": 4,
  "scaleOffset": 0.6209985,
  "rotationRange": 0.75609183,
  "transformMin": {
    "x": 0.30976692,
    "y": 0.6103311,
    "z": 0.3641652
  },
  "transformMax": {
    "x": 0.64750516,
    "y": 0.52440155,
    "z": 0.88447654
  },
  "seed": 421791107
}