{
  "matrixCount": 4,
  "scaleOffset": 0.41350177,
  "rotationRange": 0.52705306,
  "transformMin": {
    "x": 0.30765918,
    "y": 0.55962694,
    "z": 0.8504366
  },
  "transformMax": {
    "x": 0.9351663,
    "y": 0.28853995,
    "z": 0.6669432
  },
  "seed": 662877744
}