{
  "matrixCount": 5,
  "scaleOffset": 0.8914242,
  "rotationRange": 0.43402803,
  "transformMin": {
    "x": 0.48632616,
    "y": 0.52834016,
    "z": 0.5953521
  },
  "transformMax": {
    "x": 0.23592488,
    "y": 0.21116774,
    "z": 0.44418597
  },
  "seed": 927637374
}