{
  "matrixCount": 4,
  "scaleOffset": 0.30412477,
  "rotationRange": 0.9290783,
  "transformMin": {
    "x": 0.12011527,
    "y": 0.5133644,
    "z": 0.59030527
  },
  "transformMax": {
    "x": 0.34060422,
    "y": 0.18853526,
    "z": 0.09283798
  },
  "seed": 905176389
}