{
  "matrixCount": 5,
  "scaleOffset": 0.3681293,
  "rotationRange": 0.40216205,
  "transformMin": {
    "x": 0.19067389,
    "y": 0.3546317,
    "z": 0.9829952
  },
  "transformMax": {
    "x": 0.5017476,
    "y": 0.823374,
    "z": 0.26961148
  },
  "seed": 600529309
}