{
  "matrixCount": 5,
  "scaleOffset": 0.08485368,
  "rotationRange": 0.77845603,
  "transformMin": {
    "x": 0.81780887,
    "y": 0.34706965,
    "z": 0.6277771
  },
  "transformMax": {
    "x": 0.24493183,
    "y": 0.6890524,
    "z": 0.7909847
  },
  "seed": 931997392
}