{
  "matrixCount": 5,
  "scaleOffset": 0.38882557,
  "rotationRange": 0.30924577,
  "transformMin": {
    "x": 0.44501805,
    "y": 0.58975047,
    "z": 0.6323191
  },
  "transformMax": {
    "x": 0.6251732,
    "y": 0.8115332,
    "z": 0.4455721
  },
  "seed": 912560940
}