{
  "matrixCount": 5,
  "scaleOffset": 0.9613107,
  "rotationRange": 0.023455365,
  "transformMin": {
    "x": 0.9715018,
    "y": 0.19102292,
    "z": 0.04425499
  },
  "transformMax": {
    "x": 0.59010947,
    "y": 0.41402274,
    "z": 0.159801
  },
  "seed": 299100803
}