{
  "matrixCount": 4,
  "scaleOffset": 0.0921238,
  "rotationRange": 0.8209725,
  "transformMin": {
    "x": 0.29226282,
    "y": 0.38433164,
    "z": 0.548892
  },
  "transformMax": {
    "x": 0.8283385,
    "y": 0.12079703,
    "z": 0.84518534
  },
  "seed": 680509029
}