{
  "matrixCount": 4,
  "scaleOffset": 0.08188801,
  "rotationRange": 0.691842,
  "transformMin": {
    "x": 0.7476159,
    "y": 0.91014636,
    "z": 0.8128352
  },
  "transformMax": {
    "x": 0.5313855,
    "y": 0.3927321,
    "z": 0.8202939
  },
  "seed": 799258401
}