{
  "matrixCount": 4,
  "scaleOffset": 0.96763384,
  "rotationRange": 0.54990476,
  "transformMin": {
    "x": 0.43615243,
    "y": 0.5305972,
    "z": 0.7369837
  },
  "transformMax": {
    "x": 0.74301904,
    "y": 0.051360533,
    "z": 0.7689169
  },
  "seed": 909043935
}