{
  "matrixCount": 5,
  "scaleOffset": 0.5261961,
  "rotationRange": 0.6581897,
  "transformMin": {
    "x": 0.2440069,
    "y": 0.65285033,
    "z": 0.3591366
  },
  "transformMax": {
    "x": 0.44928396,
    "y": 0.80763763,
    "z": 0.69986945
  },
  "seed": 862061503
}