{
  "matrixCount": 5,
  "scaleOffset": 0.32845676,
  "rotationRange": 0.80171096,
  "transformMin": {
    "x": 0.64589614,
    "y": 0.2805221,
    "z": 0.21437863
  },
  "transformMax": {
    "x": 0.83192337,
    "y": 0.40415263,
    "z": 0.59361446
  },
  "seed": 949666739
}