{
  "matrixCount": 5,
  "scaleOffset": 0.052918397,
  "rotationRange": 0.54292935,
  "transformMin": {
    "x": 0.6426376,
    "y": 0.55747145,
    "z": 0.99401397
  },
  "transformMax": {
    "x": 0.31747758,
    "y": 0.47595137,
    "z": 0.36074364
  },
  "seed": 270911662
}