{
  "matrixCount": 5,
  "scaleOffset": 0.07056903,
  "rotationRange": 0.814129,
  "transformMin": {
    "x": 0.54506636,
    "y": 0.14304192,
    "z": 0.6157746
  },
  "transformMax": {
    "x": 0.3892015,
    "y": 0.10006821,
    "z": 0.95265174
  },
  "seed": 221342041
}