{
  "matrixCount": 4,
  "scaleOffset": 0.82287616,
  "rotationRange": 0.76175433,
  "transformMin": {
    "x": 0.8435574,
    "y": 0.18313345,
    "z": 0.22810772
  },
  "transformMax": {
    "x": 0.7778101,
    "y": 0.63356286,
    "z": 0.48240677
  },
  "seed": 496981812
}