{
  "matrixCount": 4,
  "scaleOffset": 0.9161113,
  "rotationRange": 0.15165576,
  "transformMin": {
    "x": 0.9361236,
    "y": 0.099898934,
    "z": 0.5456883
  },
  "transformMax": {
    "x": 0.36776897,
    "y": 0.8281436,
    "z": 0.5485018
  },
  "seed": 327479225
}