{
  "matrixCount": 4,
  "scaleOffset": 0.21485084,
  "rotationRange": 0.3638647,
  "transformMin": {
    "x": 0.58084995,
    "y": 0.10455364,
    "z": 0.78705573
  },
  "transformMax": {
    "x": 0.8093133,
    "y": 0.95357144,
    "z": 0.5561338
  },
  "seed": 188021332
}