{
  "matrixCount": 4,
  "scaleOffset": 0.7315555,
  "rotationRange": 0.7951151,
  "transformMin": {
    "x": 0.28472745,
    "y": 0.59830195,
    "z": 0.43604958
  },
  "transformMax": {
    "x": 0.2661233,
    "y": 0.10888361,
    "z": 0.032349627
  },
  "seed": 261453211
}