{
  "matrixCount": 4,
  "scaleOffset": 0.18435568,
  "rotationRange": 0.6178616,
  "transformMin": {
    "x": 0.035337653,
    "y": 0.443058,
    "z": 0.44448534
  },
  "transformMax": {
    "x": 0.52638245,
    "y": 0.9703621,
    "z": 0.4306419
  },
  "seed": 615451127
}