{
  "matrixCount": 5,
  "scaleOffset": 0.2880748,
  "rotationRange": 0.32100332,
  "transformMin": {
    "x": 0.17016001,
    "y": 0.7284711,
    "z": 0.6112453
  },
  "transformMax": {
    "x": 0.44931757,
    "y": 0.7019855,
    "z": 0.9179975
  },
  "seed": 588891634
}