{
  "matrixCount": 5,
  "scaleOffset": 0.42051658,
  "rotationRange": 0.23253147,
  "transformMin": {
    "x": 0.285965,
    "y": 0.00886562,
    "z": 0.059153292
  },
  "transformMax": {
    "x": 0.7561317,
    "y": 0.88215417,
    "z": 0.76017267
  },
  "seed": 908069702
}