{
  "matrixCount": 4,
  "scaleOffset": 0.6104267,
  "rotationRange": 0.18014392,
  "transformMin": {
    "x": 0.83127296,
    "y": 0.048255917,
    "z": 0.7314813
  },
  "transformMax": {
    "x": 0.0836576,
    "y": 0.37905458,
    "z": 0.31315938
  },
  "seed": 756800896
}