{
  "matrixCount": 5,
  "scaleOffset": 0.7463845,
  "rotationRange": 0.5092115,
  "transformMin": {
    "x": 0.86505914,
    "y": 0.0667196,
    "z": 0.5661059
  },
  "transformMax": {
    "x": 0.024738777,
    "y": 0.5088051,
    "z": 0.7802389
  },
  "seed": 119385767
}