{
  "matrixCount": 4,
  "scaleOffset": 0.9909158,
  "rotationRange": 0.7254402,
  "transformMin": {
    "x": 0.821085,
    "y": 0.90405846,
    "z": 0.72701293
  },
  "transformMax": {
    "x": 0.77981716,
    "y": 0.7535754,
    "z": 0.7591692
  },
  "seed": 102540520
}