{
  "matrixCount": 5,
  "scaleOffset": 0.6092817,
  "rotationRange": 0.43863738,
  "transformMin": {
    "x": 0.7982608,
    "y": 0.38096786,
    "z": 0.976374
  },
  "transformMax": {
    "x": 0.42348278,
    "y": 0.032589886,
    "z": 0.71592104
  },
  "seed": 66521596
}