{
  "matrixCount": 4,
  "scaleOffset": 0.07191283,
  "rotationRange": 0.89259225,
  "transformMin": {
    "x": 0.5847275,
    "y": 0.15321414,
    "z": 0.6359255
  },
  "transformMax": {
    "x": 0.33788717,
    "y": 0.1751774,
    "z": 0.94291127
  },
  "seed": 613617090
}