{
  "matrixCount": 5,
  "scaleOffset": 0.428941,
  "rotationRange": 0.8635676,
  "transformMin": {
    "x": 0.79612386,
    "y": 0.8553025,
    "z": 0.42604354
  },
  "transformMax": {
    "x": 0.4863512,
    "y": 0.93370575,
    "z": 0.09778908
  },
  "seed": 637215052
}