{
  "matrixCount": 5,
  "scaleOffset": 0.7724149,
  "rotationRange": 0.862405,
  "transformMin": {
    "x": 0.7769324,
    "y": 0.20866925,
    "z": 0.20979232
  },
  "transformMax": {
    "x": 0.04379378,
    "y": 0.9229015,
    "z": 0.83727556
  },
  "seed": 816208391
}