{
  "matrixCount": 5,
  "scaleOffset": 0.96081686,
  "rotationRange": 0.6246425,
  "transformMin": {
    "x": 0.9146513,
    "y": 0.4757361,
    "z": 0.552051
  },
  "transformMax": {
    "x": 0.2692276,
    "y": 0.3826058,
    "z": 0.7021672
  },
  "seed": 864455823
}