{
  "matrixCount": 5,
  "scaleOffset": 0.00946019,
  "rotationRange": 0.76140386,
  "transformMin": {
    "x": 0.6031334,
    "y": 0.3566726,
    "z": 0.54860586
  },
  "transformMax": {
    "x": 0.675617,
    "y": 0.5613459,
    "z": 0.5937972
  },
  "seed": 239633127
}