{
  "matrixCount": 4,
  "scaleOffset": 0.8784293,
  "rotationRange": 0.81033695,
  "transformMin": {
    "x": 0.9348607,
    "y": 0.948222,
    "z": 0.87250334
  },
  "transformMax": {
    "x": 0.600571,
    "y": 0.10115491,
    "z": 0.97503984
  },
  "seed": 377489362
}