{
  "matrixCount": 5,
  "scaleOffset": 0.5590816,
  "rotationRange": 0.11174802,
  "transformMin": {
    "x": 0.81420696,
    "y": 0.39109454,
    "z": 0.5452365
  },
  "transformMax": {
    "x": 0.23534244,
    "y": 0.6639975,
    "z": 0.09156112
  },
  "seed": 663455865
}