{
  "matrixCount": 5,
  "scaleOffset": 0.19568878,
  "rotationRange": 0.62470603,
  "transformMin": {
    "x": 0.24430251,
    "y": 0.41966832,
    "z": 0.53158236
  },
  "transformMax": {
    "x": 0.9920187,
    "y": 0.24138452,
    "z": 0.60007846
  },
  "seed": 80990745
}