{
  "matrixCount": 4,
  "scaleOffset": 0.045642134,
  "rotationRange": 0.51856774,
  "transformMin": {
    "x": 0.8699437,
    "y": 0.21425267,
    "z": 0.5389995
  },
  "transformMax": {
    "x": 0.2521107,
    "y": 0.7465653,
    "z": 0.21678671
  },
  "seed": 533210891
}