{
  "matrixCount": 4,
  "scaleOffset": 0.76708245,
  "rotationRange": 0.1585209,
  "transformMin": {
    "x": 0.55701905,
    "y": 0.5738845,
    "z": 0.21371958
  },
  "transformMax": {
    "x": 0.8011717,
    "y": 0.61735463,
    "z": 0.4874822
  },
  "seed": 900104299
}