{
  "matrixCount": 5,
  "scaleOffset": 0.92327857,
  "rotationRange": 0.9494119,
  "transformMin": {
    "x": 0.9753198,
    "y": 0.48984113,
    "z": 0.15356313
  },
  "transformMax": {
    "x": 0.9750862,
    "y": 0.2697805,
    "z": 0.9484484
  },
  "seed": 159245245
}