{
  "matrixCount": 4,
  "scaleOffset": 0.37231043,
  "rotationRange": 0.93909734,
  "transformMin": {
    "x": 0.63310975,
    "y": 0.94540745,
    "z": 0.93448585
  },
  "transformMax": {
    "x": 0.6623836,
    "y": 0.46387205,
    "z": 0.99305993
  },
  "seed": 480537202
}