{
  "matrixCount": 4,
  "scaleOffset": 0.07563986,
  "rotationRange": 0.9098418,
  "transformMin": {
    "x": 0.7843818,
    "y": 0.05434055,
    "z": 0.8395867
  },
  "transformMax": {
    "x": 0.5781944,
    "y": 0.03986382,
    "z": 0.45615306
  },
  "seed": 63800964
}