{
  "matrixCount": 4,
  "scaleOffset": 0.9117477,
  "rotationRange": 0.6839585,
  "transformMin": {
    "x": 0.521689,
    "y": 0.2751041,
    "z": 0.08358102
  },
  "transformMax": {
    "x": 0.47588384,
    "y": 0.87608826,
    "z": 0.47940454
  },
  "seed": 152304847
}