{
  "matrixCount": 4,
  "scaleOffset": 0.5541498,
  "rotationRange": 0.2775869,
  "transformMin": {
    "x": 0.9907022,
    "y": 0.26192576,
    "z": 0.71004695
  },
  "transformMax": {
    "x": 0.8619479,
    "y": 0.34912178,
    "z": 0.9474592
  },
  "seed": 985249527
}