{
  "matrixCount": 5,
  "scaleOffset": 0.27867758,
  "rotationRange": 0.40991858,
  "transformMin": {
    "x": 0.01750006,
    "y": 0.88622427,
    "z": 0.9558365
  },
  "transformMax": {
    "x": 0.18644175,
    "y": 0.17924617,
    "z": 0.65242046
  },
  "seed": 36343113
}