{
  "matrixCount": 4,
  "scaleOffset": 0.73668826,
  "rotationRange": 0.02821636,
  "transformMin": {
    "x": 0.8545096,
    "y": 0.54517114,
    "z": 0.04836348
  },
  "transformMax": {
    "x": 0.7841294,
    "y": 0.79714715,
    "z": 0.891066
  },
  "seed": 332081989
}