{
  "matrixCount": 4,
  "scaleOffset": 0.47977203,
  "rotationRange": 0.0704339,
  "transformMin": {
    "x": 0.88080704,
    "y": 0.7056254,
    "z": 0.9564759
  },
  "transformMax": {
    "x": 0.0062279636,
    "y": 0.22076443,
    "z": 0.42407858
  },
  "seed": 517234279
}