{
  "matrixCount": 5,
  "scaleOffset": 0.20907152,
  "rotationRange": 0.14697444,
  "transformMin": {
    "x": 0.8725872,
    "y": 0.90698874,
    "z": 0.9944166
  },
  "transformMax": {
    "x": 0.7633939,
    "y": 0.7916831,
    "z": 0.17633624
  },
  "seed": 573428066
}