{
  "matrixCount": 4,
  "scaleOffset": 0.14675742,
  "rotationRange": 0.098106846,
  "transformMin": {
    "x": 0.39504272,
    "y": 0.30175096,
    "z": 0.002814528
  },
  "transformMax": {
    "x": 0.6453488,
    "y": 0.93818736,
    "z": 0.63728285
  },
  "seed": 116270041
}