{
  "matrixCount": 5,
  "scaleOffset": 0.6839904,
  "rotationRange": 0.69972825,
  "transformMin": {
    "x": 0.41528943,
    "y": 0.60572183,
    "z": 0.6801786
  },
  "transformMax": {
    "x": 0.38391593,
    "y": 0.034749955,
    "z": 0.6818135
  },
  "seed": 678505471
}