{
  "matrixCount": 4,
  "scaleOffset": 0.5809045,
  "rotationRange": 0.30976638,
  "transformMin": {
    "x": 0.21205635,
    "y": 0.29251793,
    "z": 0.11599046
  },
  "transformMax": {
    "x": 0.992936,
    "y": 0.7594586,
    "z": 0.7879092
  },
  "seed": 775523652
}