{
  "matrixCount": 5,
  "scaleOffset": 0.33292368,
  "rotationRange": 0.43508852,
  "transformMin": {
    "x": 0.4616555,
    "y": 0.25360027,
    "z": 0.15774257
  },
  "transformMax": {
    "x": 0.61215657,
    "y": 0.1300708,
    "z": 0.89226276
  },
  "seed": 832899471
}