{
  "matrixCount": 5,
  "scaleOffset": 0.97682875,
  "rotationRange": 0.19471341,
  "transformMin": {
    "x": 0.583163,
    "y": 0.86296284,
    "z": 0.040261347
  },
  "transformMax": {
    "x": 0.5643662,
    "y": 0.8873433,
    "z": 0.31428325
  },
  "seed": 240296279
}