{
  "matrixCount": 4,
  "scaleOffset": 0.47442698,
  "rotationRange": 0.5983121,
  "transformMin": {
    "x": 0.5268935,
    "y": 0.39103732,
    "z": 0.5079242
  },
  "transformMax": {
    "x": 0.63574207,
    "y": 0.48126394,
    "z": 0.018771738
  },
  "seed": 175196496
}