{
  "matrixCount": 4,
  "scaleOffset": 0.5986195,
  "rotationRange": 0.82479995,
  "transformMin": {
    "x": 0.6893552,
    "y": 0.7523027,
    "z": 0.23978202
  },
  "transformMax": {
    "x": 0.6787401,
    "y": 0.65615565,
    "z": 0.24310762
  },
  "seed": 123623626
}