{
  "matrixCount": 4,
  "scaleOffset": 0.21492614,
  "rotationRange": 0.51424384,
  "transformMin": {
    "x": 0.97800994,
    "y": 0.9117946,
    "z": 0.14735182
  },
  "transformMax": {
    "x": 0.56898135,
    "y": 0.8148005,
    "z": 0.24818072
  },
  "seed": 179715035
}