{
  "matrixCount": 4,
  "scaleOffset": 0.101207994,
  "rotationRange": 0.0955323,
  "transformMin": {
    "x": 0.8451701,
    "y": 0.8508962,
    "z": 0.077925205
  },
  "transformMax": {
    "x": 0.2798168,
    "y": 0.855395,
    "z": 0.27833334
  },
  "seed": 577968508
}