{
  "matrixCount": 5,
  "scaleOffset": 0.8632151,
  "rotationRange": 0.7334858,
  "transformMin": {
    "x": 0.1932774,
    "y": 0.0139081795,
    "z": 0.6341122
  },
  "transformMax": {
    "x": 0.20822914,
    "y": 0.68658876,
    "z": 0.648591
  },
  "seed": 729056302
}