{
  "matrixCount": 5,
  "scaleOffset": 0.4759624,
  "rotationRange": 0.643703,
  "transformMin": {
    "x": 0.84321547,
    "y": 0.6224573,
    "z": 0.5844734
  },
  "transformMax": {
    "x": 0.6558938,
    "y": 0.54109293,
    "z": 0.2410588
  },
  "seed": 829503483
}