{
  "matrixCount": 5,
  "scaleOffset": 0.3940526,
  "rotationRange": 0.9483774,
  "transformMin": {
    "x": 0.95302194,
    "y": 0.9164921,
    "z": 0.28999656
  },
  "transformMax": {
    "x": 0.015137628,
    "y": 0.8021495,
    "z": 0.8346015
  },
  "seed": 228693921
}