{
  "matrixCount": 5,
  "scaleOffset": 0.10419582,
  "rotationRange": 0.37670603,
  "transformMin": {
    "x": 0.6644149,
    "y": 0.38982892,
    "z": 0.7812923
  },
  "transformMax": {
    "x": 0.7843462,
    "y": 0.5037663,
    "z": 0.053043775
  },
  "seed": 93978040
}