{
  "matrixCount": 4,
  "scaleOffset": 0.07843691,
  "rotationRange": 0.5787668,
  "transformMin": {
    "x": 0.99785334,
    "y": 0.3722261,
    "z": 0.68939894
  },
  "transformMax": {
    "x": 0.64681846,
    "y": 0.50088626,
    "z": 0.49155015
  },
  "seed": 400688942
}