{
  "matrixCount": 4,
  "scaleOffset": 0.0068169823,
  "rotationRange": 0.9252623,
  "transformMin": {
    "x": 0.3482175,
    "y": 0.41915157,
    "z": 0.45202518
  },
  "transformMax": {
    "x": 0.4817991,
    "y": 0.39407137,
    "z": 0.09069362
  },
  "seed": 44588112
}