{
  "matrixCount": 4,
  "scaleOffset": 0.8799415,
  "rotationRange": 0.9174343,
  "transformMin": {
    "x": 0.79873335,
    "y": 0.051051803,
    "z": 0.054545097
  },
  "transformMax": {
    "x": 0.5318158,
    "y": 0.110774614,
    "z": 0.72601414
  },
  "seed": 280020719
}