{
  "matrixCount": 4,
  "scaleOffset": 0.6477668,
  "rotationRange": 0.84785277,
  "transformMin": {
    "x": 0.6663882,
    "y": 0.08762977,
    "z": 0.33421606
  },
  "transformMax": {
    "x": 0.60901713,
    "y": 0.05612259,
    "z": 0.7104116
  },
  "seed": 484572141
}