{
  "matrixCount": 4,
  "scaleOffset": 0.46568823,
  "rotationRange": 0.62490606,
  "transformMin": {
    "x": 0.8500423,
    "y": 0.4499006,
    "z": 0.23677628
  },
  "transformMax": {
    "x": 0.95689213,
    "y": 0.5396171,
    "z": 0.21926686
  },
  "seed": 356919787
}