{
  "matrixCount": 4,
  "scaleOffset": 0.4938368,
  "rotationRange": 0.4311813,
  "transformMin": {
    "x": 0.35890728,
    "y": 0.7056875,
    "z": 0.54944825
  },
  "transformMax": {
    "x": 0.27279365,
    "y": 0.9666087,
    "z": 0.28203174
  },
  "seed": 607455795
}