{
  "matrixCount": 5,
  "scaleOffset": 0.62718743,
  "rotationRange": 0.13704829,
  "transformMin": {
    "x": 0.7630325,
    "y": 0.96000755,
    "z": 0.34338
  },
  "transformMax": {
    "x": 0.39417523,
    "y": 0.4129986,
    "z": 0.14774516
  },
  "seed": 415991067
}