{
  "matrixCount": 5,
  "scaleOffset": 0.36099738,
  "rotationRange": 0.78541756,
  "transformMin": {
    "x": 0.038065255,
    "y": 0.26837808,
    "z": 0.23969209
  },
  "transformMax": {
    "x": 0.50957584,
    "y": 0.40392745,
    "z": 0.44348207
  },
  "seed": 192799957
}