{
  "matrixCount": 4,
  "scaleOffset": 0.80827695,
  "rotationRange": 0.8457031,
  "transformMin": {
    "x": 0.52363044,
    "y": 0.97831994,
    "z": 0.2299863
  },
  "transformMax": {
    "x": 0.24367176,
    "y": 0.99672544,
    "z": 0.524576
  },
  "seed": 102207966
}