{
  "matrixCount": 4,
  "scaleOffset": 0.8120452,
  "rotationRange": 0.6787643,
  "transformMin": {
    "x": 0.743555,
    "y": 0.6301411,
    "z": 0.94647074
  },
  "transformMax": {
    "x": 0.32626033,
    "y": 0.5492286,
    "z": 0.08519384
  },
  "seed": 134913924
}