{
  "matrixCount": 4,
  "scaleOffset": 0.30781543,
  "rotationRange": 0.06747563,
  "transformMin": {
    "x": 0.044757895,
    "y": 0.27179274,
    "z": 0.3366458
  },
  "transformMax": {
    "x": 0.84127545,
    "y": 0.5239737,
    "z": 0.9203634
  },
  "seed": 149097432
}