{
  "matrixCount": 4,
  "scaleOffset": 0.21243495,
  "rotationRange": 0.41116154,
  "transformMin": {
    "x": 0.75026476,
    "y": 0.5290401,
    "z": 0.01881122
  },
  "transformMax": {
    "x": 0.47968176,
    "y": 0.9889236,
    "z": 0.9803777
  },
  "seed": 525090670
}