{
  "matrixCount": 5,
  "scaleOffset": 0.50876886,
  "rotationRange": 0.548573,
  "transformMin": {
    "x": 0.81852525,
    "y": 0.34113768,
    "z": 0.33315113
  },
  "transformMax": {
    "x": 0.52722156,
    "y": 0.19694102,
    "z": 0.26208428
  },
  "seed": 755764855
}