{
  "matrixCount": 5,
  "scaleOffset": 0.83715075,
  "rotationRange": 0.9298617,
  "transformMin": {
    "x": 0.78775686,
    "y": 0.17927657,
    "z": 0.86074275
  },
  "transformMax": {
    "x": 0.152414,
    "y": 0.03716549,
    "z": 0.70402586
  },
  "seed": 374983500
}