{
  "matrixCount": 4,
  "scaleOffset": 0.3317491,
  "rotationRange": 0.77022535,
  "transformMin": {
    "x": 0.09280672,
    "y": 0.1787819,
    "z": 0.76326644
  },
  "transformMax": {
    "x": 0.52216655,
    "y": 0.6707997,
    "z": 0.7992724
  },
  "seed": 720457783
}