{
  "matrixCount": 5,
  "scaleOffset": 0.05351778,
  "rotationRange": 0.45622948,
  "transformMin": {
    "x": 0.74370915,
    "y": 0.34323514,
    "z": 0.5640076
  },
  "transformMax": {
    "x": 0.5679217,
    "y": 0.25133702,
    "z": 0.14697166
  },
  "seed": 456855324
}