{
  "matrixCount": 4,
  "scaleOffset": 0.5756486,
  "rotationRange": 0.11525028,
  "transformMin": {
    "x": 0.3973359,
    "y": 0.48430818,
    "z": 0.9167698
  },
  "transformMax": {
    "x": 0.42932412,
    "y": 0.38310015,
    "z": 0.5744843
  },
  "seed": 85323835
}