{
  "matrixCount": 4,
  "scaleOffset": 0.51114374,
  "rotationRange": 0.65500635,
  "transformMin": {
    "x": 0.035025097,
    "y": 0.18998946,
    "z": 0.95648456
  },
  "transformMax": {
    "x": 0.95902705,
    "y": 0.6209624,
    "z": 0.38915086
  },
  "seed": 585306240
}