{
  "matrixCount": 4,
  "scaleOffset": 0.43538788,
  "rotationRange": 0.39541948,
  "transformMin": {
    "x": 0.24777724,
    "y": 0.31015223,
    "z": 0.15077348
  },
  "transformMax": {
    "x": 0.58748657,
    "y": 0.9722232,
    "z": 0.99014395
  },
  "seed": 777998997
}