{
  "matrixCount": 5,
  "scaleOffset": 0.6901168,
  "rotationRange": 0.56055313,
  "transformMin": {
    "x": 0.21233307,
    "y": 0.27510294,
    "z": 0.07273188
  },
  "transformMax": {
    "x": 0.64721155,
    "y": 0.28814408,
    "z": 0.11404917
  },
  "seed": 346265830
}