{
  "matrixCount": 4,
  "scaleOffset": 0.13564464,
  "rotationRange": 0.17800017,
  "transformMin": {
    "x": 0.7928792,
    "y": 0.1662284,
    "z": 0.40325832
  },
  "transformMax": {
    "x": 0.08809505,
    "y": 0.33690864,
    "z": 0.39787987
  },
  "seed": 609870242
}