{
  "matrixCount": 5,
  "scaleOffset": 0.00062042987,
  "rotationRange": 0.53717726,
  "transformMin": {
    "x": 0.38774532,
    "y": 0.0997775,
    "z": 0.92086047
  },
  "transformMax": {
    "x": 0.6252178,
    "y": 0.47721034,
    "z": 0.5506935
  },
  "seed": 707156512
}