{
  "matrixCount": 5,
  "scaleOffset": 0.42855573,
  "rotationRange": 0.45163748,
  "transformMin": {
    "x": 0.21796507,
    "y": 0.540382,
    "z": 0.36454988
  },
  "transformMax": {
    "x": 0.23888919,
    "y": 0.7455721,
    "z": 0.7696677
  },
  "seed": 464109473
}