{
  "matrixCount": 4,
  "scaleOffset": 0.5455056,
  "rotationRange": 0.37524843,
  "transformMin": {
    "x": 0.2162971,
    "y": 0.97527564,
    "z": 0.78073096
  },
  "transformMax": {
    "x": 0.01994747,
    "y": 0.24176125,
    "z": 0.3758331
  },
  "seed": 544589889
}