{
  "matrixCount": 4,
  "scaleOffset": 0.63892734,
  "rotationRange": 0.06420329,
  "transformMin": {
    "x": 0.9899862,
    "y": 0.80364823,
    "z": 0.43434504
  },
  "transformMax": {
    "x": 0.69604295,
    "y": 0.79282546,
    "z": 0.338172
  },
  "seed": 815506338
}