{
  "matrixCount": 5,
  "scaleOffset": 0.8220706,
  "rotationRange": 0.85387963,
  "transformMin": {
    "x": 0.013471377,
    "y": 0.570748,
    "z": 0.030985445
  },
  "transformMax": {
    "x": 0.19261059,
    "y": 0.939735,
    "z": 0.2247178
  },
  "seed": 581276735
}