{
  "matrixCount": 5,
  "scaleOffset": 0.5090954,
  "rotationRange": 0.20561156,
  "transformMin": {
    "x": 0.18237767,
    "y": 0.5754238,
    "z": 0.9041736
  },
  "transformMax": {
    "x": 0.27194032,
    "y": 0.5052024,
    "z": 0.7490214
  },
  "seed": 751480899
}