{
  "matrixCount": 4,
  "scaleOffset": 0.5176951,
  "rotationRange": 0.7355811,
  "transformMin": {
    "x": 0.30577773,
    "y": 0.3559638,
    "z": 0.24345763
  },
  "transformMax": {
    "x": 0.29237843,
    "y": 0.9427039,
    "z": 0.77412665
  },
  "seed": 923610924
}