{
  "matrixCount": 5,
  "scaleOffset": 0.4757129,
  "rotationRange": 0.6988201,
  "transformMin": {
    "x": 0.6431471,
    "y": 0.17937082,
    "z": 0.9439261
  },
  "transformMax": {
    "x": 0.59627813,
    "y": 0.19043493,
    "z": 0.63752806
  },
  "seed": 584560585
}