{
  "matrixCount": 5,
  "scaleOffset": 0.2718606,
  "rotationRange": 0.48465627,
  "transformMin": {
    "x": 0.5522199,
    "y": 0.81872797,
    "z": 0.21471383
  },
  "transformMax": {
    "x": 0.8048166,
    "y": 0.9390796,
    "z": 0.37920114
  },
  "seed": 991754999
}