{
  "matrixCount": 5,
  "scaleOffset": 0.85674673,
  "rotationRange": 0.1107821,
  "transformMin": {
    "x": 0.17575358,
    "y": 0.46397933,
    "z": 0.28434348
  },
  "transformMax": {
    "x": 0.013317771,
    "y": 0.24313703,
    "z": 0.17685132
  },
  "seed": 52061269
}