{
  "matrixCount": 5,
  "scaleOffset": 0.84482276,
  "rotationRange": 0.5490691,
  "transformMin": {
    "x": 0.6286547,
    "y": 0.015951406,
    "z": 0.19496268
  },
  "transformMax": {
    "x": 0.13707194,
    "y": 0.020734722,
    "z": 0.45029426
  },
  "seed": 953042816
}