{
  "matrixCount": 4,
  "scaleOffset": 0.52296907,
  "rotationRange": 0.5461085,
  "transformMin": {
    "x": 0.81723547,
    "y": 0.56942195,
    "z": 0.015796121
  },
  "transformMax": {
    "x": 0.74544764,
    "y": 0.48269543,
    "z": 0.030569062
  },
  "seed": 549489789
}