{
  "matrixCount": 5,
  "scaleOffset": 0.014083806,
  "rotationRange": 0.44552782,
  "transformMin": {
    "x": 0.22563052,
    "y": 0.5366486,
    "z": 0.14880839
  },
  "transformMax": {
    "x": 0.8375535,
    "y": 0.35070115,
    "z": 0.47379646
  },
  "seed": 160314492
}