{
  "matrixCount": 4,
  "scaleOffset": 0.71523476,
  "rotationRange": 0.71579313,
  "transformMin": {
    "x": 0.57872015,
    "y": 0.5113423,
    "z": 0.21430323
  },
  "transformMax": {
    "x": 0.50042385,
    "y": 0.25134647,
    "z": 0.9155235
  },
  "seed": 965972269
}