{
  "matrixCount": 4,
  "scaleOffset": 0.12724943,
  "rotationRange": 0.5498235,
  "transformMin": {
    "x": 0.48651546,
    "y": 0.20449369,
    "z": 0.96963406
  },
  "transformMax": {
    "x": 0.21252152,
    "y": 0.04627859,
    "z": 0.8058371
  },
  "seed": 430030315
}