{
  "matrixCount": 4,
  "scaleOffset": 0.78576005,
  "rotationRange": 0.3126893,
  "transformMin": {
    "x": 0.33356443,
    "y": 0.03391945,
    "z": 0.39985183
  },
  "transformMax": {
    "x": 0.5449499,
    "y": 0.7480071,
    "z": 0.7365588
  },
  "seed": 923470083
}