{
  "matrixCount": 5,
  "scaleOffset": 0.15191948,
  "rotationRange": 0.24176206,
  "transformMin": {
    "x": 0.87655735,
    "y": 0.69462633,
    "z": 0.54210365
  },
  "transformMax": {
    "x": 0.6268117,
    "y": 0.8537426,
    "z": 0.15317191
  },
  "seed": 55091344
}