{
  "matrixCount": 4,
  "scaleOffset": 0.76885927,
  "rotationRange": 0.6310021,
  "transformMin": {
    "x": 0.9321556,
    "y": 0.37257758,
    "z": 0.9383923
  },
  "transformMax": {
    "x": 0.65427655,
    "y": 0.81241274,
    "z": 0.99895024
  },
  "seed": 640609728
}