{
  "matrixCount": 5,
  "scaleOffset": 0.12048874,
  "rotationRange": 0.023926992,
  "transformMin": {
    "x": 0.6816853,
    "y": 0.03253741,
    "z": 0.94692373
  },
  "transformMax": {
    "x": 0.37846377,
    "y": 0.70023227,
    "z": 0.6239127
  },
  "seed": 307808800
}