{
  "matrixCount": 5,
  "scaleOffset": 0.13967797,
  "rotationRange": 0.2648517,
  "transformMin": {
    "x": 0.22543778,
    "y": 0.8142326,
    "z": 0.33966887
  },
  "transformMax": {
    "x": 0.5490651,
    "y": 0.6827252,
    "z": 0.5496884
  },
  "seed": 865312777
}