{
  "matrixCount": 5,
  "scaleOffset": 0.14267786,
  "rotationRange": 0.82808673,
  "transformMin": {
    "x": 0.15000154,
    "y": 0.1962359,
    "z": 0.0013260548
  },
  "transformMax": {
    "x": 0.16132066,
    "y": 0.447163,
    "z": 0.4570396
  },
  "seed": 454738712
}