{
  "matrixCount": 5,
  "scaleOffset": 0.22138041,
  "rotationRange": 0.3389587,
  "transformMin": {
    "x": 0.061883826,
    "y": 0.44567633,
    "z": 0.46128976
  },
  "transformMax": {
    "x": 0.8593607,
    "y": 0.4800207,
    "z": 0.76036733
  },
  "seed": 490625207
}