{
  "matrixCount": 4,
  "scaleOffset": 0.5900642,
  "rotationRange": 0.44052598,
  "transformMin": {
    "x": 0.04164552,
    "y": 0.28844061,
    "z": 0.9582046
  },
  "transformMax": {
    "x": 0.47251937,
    "y": 0.71375066,
    "z": 0.013529113
  },
  "seed": 992662267
}