{
  "matrixCount": 5,
  "scaleOffset": 0.0003737621,
  "rotationRange": 0.987868,
  "transformMin": {
    "x": 0.9473283,
    "y": 0.15663165,
    "z": 0.9748771
  },
  "transformMax": {
    "x": 0.08974174,
    "y": 0.38375664,
    "z": 0.14415635
  },
  "seed": 688867277
}