{
  "matrixCount": 5,
  "scaleOffset": 0.04057451,
  "rotationRange": 0.24828352,
  "transformMin": {
    "x": 0.97429204,
    "y": 0.21865548,
    "z": 0.7848085
  },
  "transformMax": {
    "x": 0.83169097,
    "y": 0.2598667,
    "z": 0.19107246
  },
  "seed": 51504485
}