{
  "matrixCount": 5,
  "scaleOffset": 0.4527794,
  "rotationRange": 0.8144686,
  "transformMin": {
    "x": 0.74223983,
    "y": 0.88507986,
    "z": 0.19684437
  },
  "transformMax": {
    "x": 0.02367941,
    "y": 0.09117104,
    "z": 0.6702827
  },
  "seed": 700750591
}