{
  "matrixCount": 5,
  "scaleOffset": 0.0061965524,
  "rotationRange": 0.388085,
  "transformMin": {
    "x": 0.07740382,
    "y": 0.5439452,
    "z": 0.5041112
  },
  "transformMax": {
    "x": 0.031618826,
    "y": 0.45908973,
    "z": 0.65046895
  },
  "seed": 337431598
}