{
  "matrixCount": 4,
  "scaleOffset": 0.4513858,
  "rotationRange": 0.4657968,
  "transformMin": {
    "x": 0.20188466,
    "y": 0.028634524,
    "z": 0.7503457
  },
  "transformMax": {
    "x": 0.84988374,
    "y": 0.5243266,
    "z": 0.10607134
  },
  "seed": 815911244
}