{
  "matrixCount": 5,
  "scaleOffset": 0.10226122,
  "rotationRange": 0.47260433,
  "transformMin": {
    "x": 0.32450128,
    "y": 0.7918994,
    "z": 0.5835266
  },
  "transformMax": {
    "x": 0.4873699,
    "y": 0.029562688,
    "z": 0.2464496
  },
  "seed": 939982250
}