{
  "matrixCount": 5,
  "scaleOffset": 0.5959049,
  "rotationRange": 0.74262273,
  "transformMin": {
    "x": 0.9564604,
    "y": 0.3365139,
    "z": 0.008257791
  },
  "transformMax": {
    "x": 0.13469651,
    "y": 0.05120085,
    "z": 0.5991156
  },
  "seed": 518980875
}