{
  "matrixCount": 5,
  "scaleOffset": 0.30294985,
  "rotationRange": 0.47315273,
  "transformMin": {
    "x": 0.10499342,
    "y": 0.41057578,
    "z": 0.51503634
  },
  "transformMax": {
    "x": 0.2370812,
    "y": 0.9064228,
    "z": 0.29621914
  },
  "seed": 383433023
}