{
  "matrixCount": 4,
  "scaleOffset": 0.6127575,
  "rotationRange": 0.14502273,
  "transformMin": {
    "x": 0.57031584,
    "y": 0.4077617,
    "z": 0.31115603
  },
  "transformMax": {
    "x": 0.160294,
    "y": 0.13764125,
    "z": 0.35599193
  },
  "seed": 290793191
}