{
  "matrixCount": 4,
  "scaleOffset": 0.52353203,
  "rotationRange": 0.30674502,
  "transformMin": {
    "x": 0.4880249,
    "y": 0.29164588,
    "z": 0.60003823
  },
  "transformMax": {
    "x": 0.30680996,
    "y": 0.61169976,
    "z": 0.47925508
  },
  "seed": 148056264
}