{
  "matrixCount": 5,
  "scaleOffset": 0.37466466,
  "rotationRange": 0.36117667,
  "transformMin": {
    "x": 0.4238172,
    "y": 0.12750542,
    "z": 0.92115575
  },
  "transformMax": {
    "x": 0.11229236,
    "y": 0.082223125,
    "z": 0.26709536
  },
  "seed": 189123803
}