{
  "matrixCount": 5,
  "scaleOffset": 0.3614379,
  "rotationRange": 0.23104161,
  "transformMin": {
    "x": 0.5346641,
    "y": 0.55348057,
    "z": 0.18065622
  },
  "transformMax": {
    "x": 0.5040323,
    "y": 0.42534122,
    "z": 0.5652262
  },
  "seed": 790422914
}