{
  "matrixCount": 5,
  "scaleOffset": 0.05988852,
  "rotationRange": 0.2855691,
  "transformMin": {
    "x": 0.006559936,
    "y": 0.71714425,
    "z": 0.49654123
  },
  "transformMax": {
    "x": 0.96331054,
    "y": 0.9851495,
    "z": 0.684188
  },
  "seed": 728702782
}