{
  "matrixCount": 5,
  "scaleOffset": 0.19677104,
  "rotationRange": 0.34544736,
  "transformMin": {
    "x": 0.37467805,
    "y": 0.9908679,
    "z": 0.8201177
  },
  "transformMax": {
    "x": 0.76707953,
    "y": 0.9550452,
    "z": 0.3325558
  },
  "seed": 404794054
}