{
  "matrixCount": 4,
  "scaleOffset": 0.052679565,
  "rotationRange": 0.5691418,
  "transformMin": {
    "x": 0.9666193,
    "y": 0.0059840623,
    "z": 0.90028036
  },
  "transformMax": {
    "x": 0.5450407,
    "y": 0.4828935,
    "z": 0.90906554
  },
  "seed": 535834044
}