{
  "matrixCount": 5,
  "scaleOffset": 0.49705997,
  "rotationRange": 0.2094785,
  "transformMin": {
    "x": 0.70763624,
    "y": 0.4537854,
    "z": 0.17800416
  },
  "transformMax": {
    "x": 0.87745214,
    "y": 0.060584754,
    "z": 0.034919336
  },
  "seed": 424991748
}