{
  "matrixCount": 4,
  "scaleOffset": 0.14760657,
  "rotationRange": 0.029824676,
  "transformMin": {
    "x": 0.2840174,
    "y": 0.9570418,
    "z": 0.9945698
  },
  "transformMax": {
    "x": 0.6252046,
    "y": 0.9398894,
    "z": 0.9094138
  },
  "seed": 74216753
}