{
  "matrixCount": 4,
  "scaleOffset": 0.06902216,
  "rotationRange": 0.06431962,
  "transformMin": {
    "x": 0.1127074,
    "y": 0.09721616,
    "z": 0.80958825
  },
  "transformMax": {
    "x": 0.57162064,
    "y": 0.046197705,
    "z": 0.17036769
  },
  "seed": 334774012
}