{
  "matrixCount": 4,
  "scaleOffset": 0.56286734,
  "rotationRange": 0.010729617,
  "transformMin": {
    "x": 0.62820536,
    "y": 0.22983806,
    "z": 0.45284098
  },
  "transformMax": {
    "x": 0.33399332,
    "y": 0.3701274,
    "z": 0.3799204
  },
  "seed": 916235513
}