{
  "matrixCount": 5,
  "scaleOffset": 0.84870094,
  "rotationRange": 0.29541522,
  "transformMin": {
    "x": 0.06849025,
    "y": 0.38614455,
    "z": 0.92875224
  },
  "transformMax": {
    "x": 0.9502305,
    "y": 0.97440255,
    "z": 0.9135596
  },
  "seed": 652065168
}