{
  "matrixCount": 5,
  "scaleOffset": 0.42501688,
  "rotationRange": 0.35132143,
  "transformMin": {
    "x": 0.6643704,
    "y": 0.8264125,
    "z": 0.5677115
  },
  "transformMax": {
    "x": 0.33832318,
    "y": 0.07802522,
    "z": 0.9262455
  },
  "seed": 236781089
}