{
  "matrixCount": 4,
  "scaleOffset": 0.49281597,
  "rotationRange": 0.80140144,
  "transformMin": {
    "x": 0.7203048,
    "y": 0.7715774,
    "z": 0.48686346
  },
  "transformMax": {
    "x": 0.6941122,
    "y": 0.72925645,
    "z": 0.9043985
  },
  "seed": 677611540
}