{
  "matrixCount": 4,
  "scaleOffset": 0.38556704,
  "rotationRange": 0.13633472,
  "transformMin": {
    "x": 0.30467936,
    "y": 0.77863806,
    "z": 0.17336585
  },
  "transformMax": {
    "x": 0.19896358,
    "y": 0.12047944,
    "z": 0.19660774
  },
  "seed": 838895725
}