{
  "matrixCount": 5,
  "scaleOffset": 0.44257492,
  "rotationRange": 0.6521829,
  "transformMin": {
    "x": 0.5875957,
    "y": 0.6055096,
    "z": 0.743489
  },
  "transformMax": {
    "x": 0.41447407,
    "y": 0.21834162,
    "z": 0.33367682
  },
  "seed": 557846808
}