{
  "matrixCount": 5,
  "scaleOffset": 0.57858396,
  "rotationRange": 0.1983072,
  "transformMin": {
    "x": 0.055788044,
    "y": 0.0054272604,
    "z": 0.5698095
  },
  "transformMax": {
    "x": 0.9839198,
    "y": 0.9347156,
    "z": 0.66151273
  },
  "seed": 451055535
}