{
  "matrixCount": 4,
  "scaleOffset": 0.90192086,
  "rotationRange": 0.32519737,
  "transformMin": {
    "x": 0.64206076,
    "y": 0.3973572,
    "z": 0.9567904
  },
  "transformMax": {
    "x": 0.97634286,
    "y": 0.35962903,
    "z": 0.845838
  },
  "seed": 742818963
}