{
  "matrixCount": 5,
  "scaleOffset": 0.9996498,
  "rotationRange": 0.6652097,
  "transformMin": {
    "x": 0.33703217,
    "y": 0.28629845,
    "z": 0.4507199
  },
  "transformMax": {
    "x": 0.2612998,
    "y": 0.5350894,
    "z": 0.19775185
  },
  "seed": 721115137
}