{
  "matrixCount": 5,
  "scaleOffset": 0.23200637,
  "rotationRange": 0.41335368,
  "transformMin": {
    "x": 0.31658626,
    "y": 0.6917743,
    "z": 0.8405694
  },
  "transformMax": {
    "x": 0.44657812,
    "y": 0.21513623,
    "z": 0.1163322
  },
  "seed": 588614467
}