{
  "matrixCount": 5,
  "scaleOffset": 0.5087216,
  "rotationRange": 0.21774356,
  "transformMin": {
    "x": 0.60321367,
    "y": 0.90645874,
    "z": 0.32364252
  },
  "transformMax": {
    "x": 0.80492944,
    "y": 0.17003901,
    "z": 0.055213813
  },
  "seed": 62613622
}