{
  "matrixCount": 4,
  "scaleOffset": 0.55910295,
  "rotationRange": 0.017855277,
  "transformMin": {
    "x": 0.7278153,
    "y": 0.7985554,
    "z": 0.4976364
  },
  "transformMax": {
    "x": 0.18530582,
    "y": 0.74264765,
    "z": 0.7348608
  },
  "seed": 182792993
}