{
  "matrixCount": 4,
  "scaleOffset": 0.02293348,
  "rotationRange": 0.8843515,
  "transformMin": {
    "x": 0.8913655,
    "y": 0.26951757,
    "z": 0.8421577
  },
  "transformMax": {
    "x": 0.41899619,
    "y": 0.30191708,
    "z": 0.9208529
  },
  "seed": 883809993
}