{
  "matrixCount": 4,
  "scaleOffset": 0.06369002,
  "rotationRange": 0.59147507,
  "transformMin": {
    "x": 0.5400202,
    "y": 0.06115672,
    "z": 0.91995376
  },
  "transformMax": {
    "x": 0.07193904,
    "y": 0.53339374,
    "z": 0.9079862
  },
  "seed": 546176465
}