{
  "matrixCount": 4,
  "scaleOffset": 0.46137398,
  "rotationRange": 0.4286274,
  "transformMin": {
    "x": 0.817577,
    "y": 0.19222167,
    "z": 0.36256742
  },
  "transformMax": {
    "x": 0.9013854,
    "y": 0.113111585,
    "z": 0.29216367
  },
  "seed": 618182141
}