{
  "matrixCount": 4,
  "scaleOffset": 0.052407246,
  "rotationRange": 0.496332,
  "transformMin": {
    "x": 0.017553994,
    "y": 0.44156826,
    "z": 0.25654742
  },
  "transformMax": {
    "x": 0.4296601,
    "y": 0.39464942,
    "z": 0.68719405
  },
  "seed": 360939021
}