{
  "matrixCount": 4,
  "scaleOffset": 0.101759754,
  "rotationRange": 0.41582993,
  "transformMin": {
    "x": 0.25870627,
    "y": 0.6038761,
    "z": 0.17583214
  },
  "transformMax": {
    "x": 0.52382255,
    "y": 0.009533304,
    "z": 0.8740472
  },
  "seed": 850484950
}