{
  "matrixCount": 5,
  "scaleOffset": 0.45279437,
  "rotationRange": 0.61416006,
  "transformMin": {
    "x": 0.08014035,
    "y": 0.9441101,
    "z": 0.6182515
  },
  "transformMax": {
    "x": 0.20255844,
    "y": 0.09023403,
    "z": 0.77450985
  },
  "seed": 988812402
}