{
  "matrixCount": 5,
  "scaleOffset": 0.5262003,
  "rotationRange": 0.5247302,
  "transformMin": {
    "x": 0.77651495,
    "y": 0.9753022,
    "z": 0.9740067
  },
  "transformMax": {
    "x": 0.2453865,
    "y": 0.18670961,
    "z": 0.22379704
  },
  "seed": 280325322
}