{
  "matrixCount": 5,
  "scaleOffset": 0.22518189,
  "rotationRange": 0.23766498,
  "transformMin": {
    "x": 0.59472775,
    "y": 0.044329833,
    "z": 0.0041080606
  },
  "transformMax": {
    "x": 0.34642342,
    "y": 0.4297006,
    "z": 0.085371286
  },
  "seed": 531579091
}