{
  "matrixCount": 4,
  "scaleOffset": 0.39346477,
  "rotationRange": 0.21281447,
  "transformMin": {
    "x": 0.57148474,
    "y": 0.8242633,
    "z": 0.49477175
  },
  "transformMax": {
    "x": 0.0543283,
    "y": 0.5004699,
    "z": 0.45355612
  },
  "seed": 496078757
}