{
  "matrixCount": 4,
  "scaleOffset": 0.0656002,
  "rotationRange": 0.5419957,
  "transformMin": {
    "x": 0.58755076,
    "y": 0.99918944,
    "z": 0.21462917
  },
  "transformMax": {
    "x": 0.43016958,
    "y": 0.25727552,
    "z": 0.692209
  },
  "seed": 846415488
}