{
  "matrixCount": 5,
  "scaleOffset": 0.2968518,
  "rotationRange": 0.77557683,
  "transformMin": {
    "x": 0.47734728,
    "y": 0.06514717,
    "z": 0.26495713
  },
  "transformMax": {
    "x": 0.22585523,
    "y": 0.17427059,
    "z": 0.03600562
  },
  "seed": 613157866
}