{
  "matrixCount": 4,
  "scaleOffset": 0.65910107,
  "rotationRange": 0.8481377,
  "transformMin": {
    "x": 0.5037608,
    "y": 0.9183752,
    "z": 0.6845326
  },
  "transformMax": {
    "x": 0.2642932,
    "y": 0.012675897,
    "z": 0.57842803
  },
  "seed": 476809870
}