{
  "matrixCount": 5,
  "scaleOffset": 0.7039848,
  "rotationRange": 0.19493283,
  "transformMin": {
    "x": 0.04849145,
    "y": 0.27128255,
    "z": 0.1647815
  },
  "transformMax": {
    "x": 0.86911345,
    "y": 0.65871894,
    "z": 0.8617737
  },
  "seed": 104158652
}