{
  "matrixCount": 4,
  "scaleOffset": 0.11078446,
  "rotationRange": 0.011720512,
  "transformMin": {
    "x": 0.9819834,
    "y": 0.72312516,
    "z": 0.59613293
  },
  "transformMax": {
    "x": 0.329361,
    "y": 0.28101483,
    "z": 0.74091053
  },
  "seed": 742329036
}