{
  "matrixCount": 5,
  "scaleOffset": 0.64627206,
  "rotationRange": 0.09282656,
  "transformMin": {
    "x": 0.6491325,
    "y": 0.8746277,
    "z": 0.44328663
  },
  "transformMax": {
    "x": 0.90318733,
    "y": 0.045483906,
    "z": 0.15276746
  },
  "seed": 401876144
}