{
  "matrixCount": 4,
  "scaleOffset": 0.018164478,
  "rotationRange": 0.42837396,
  "transformMin": {
    "x": 0.91838676,
    "y": 0.45718923,
    "z": 0.22909461
  },
  "transformMax": {
    "x": 0.2820462,
    "y": 0.098689556,
    "z": 0.16850476
  },
  "seed": 933392600
}