{
  "matrixCount": 5,
  "scaleOffset": 0.8152538,
  "rotationRange": 0.5453169,
  "transformMin": {
    "x": 0.941372,
    "y": 0.33436838,
    "z": 0.8923743
  },
  "transformMax": {
    "x": 0.62627316,
    "y": 0.58135045,
    "z": 0.0106162885
  },
  "seed": 130698340
}