{
  "matrixCount": 5,
  "scaleOffset": 0.5330852,
  "rotationRange": 0.55824786,
  "transformMin": {
    "x": 0.05107087,
    "y": 0.72294414,
    "z": 0.021172082
  },
  "transformMax": {
    "x": 0.4004678,
    "y": 0.09431696,
    "z": 0.153269
  },
  "seed": 685126558
}