{
  "matrixCount": 5,
  "scaleOffset": 0.18688615,
  "rotationRange": 0.49379745,
  "transformMin": {
    "x": 0.11264316,
    "y": 0.7965278,
    "z": 0.16140008
  },
  "transformMax": {
    "x": 0.3304506,
    "y": 0.04816906,
    "z": 0.5994903
  },
  "seed": 569742480
}