{
  "matrixCount": 5,
  "scaleOffset": 0.7178287,
  "rotationRange": 0.101245515,
  "transformMin": {
    "x": 0.042816225,
    "y": 0.29916766,
    "z": 0.91015506
  },
  "transformMax": {
    "x": 0.89979196,
    "y": 0.019531272,
    "z": 0.012439042
  },
  "seed": 172767625
}