{
  "matrixCount": 4,
  "scaleOffset": 0.86855096,
  "rotationRange": 0.13435908,
  "transformMin": {
    "x": 0.7090496,
    "y": 0.9921995,
    "z": 0.0059492704
  },
  "transformMax": {
    "x": 0.18779142,
    "y": 0.23660275,
    "z": 0.6170756
  },
  "seed": 184532765
}