{
  "matrixCount": 5,
  "scaleOffset": 0.17219363,
  "rotationRange": 0.20294942,
  "transformMin": {
    "x": 0.338086,
    "y": 0.6301127,
    "z": 0.4898949
  },
  "transformMax": {
    "x": 0.20553729,
    "y": 0.42805514,
    "z": 0.9191195
  },
  "seed": 568689457
}