{
  "matrixCount": 4,
  "scaleOffset": 0.188276,
  "rotationRange": 0.20960484,
  "transformMin": {
    "x": 0.68532693,
    "y": 0.23464608,
    "z": 0.10617748
  },
  "transformMax": {
    "x": 0.31384408,
    "y": 0.8478849,
    "z": 0.6319394
  },
  "seed": 540795241
}