{
  "matrixCount": 5,
  "scaleOffset": 0.81289184,
  "rotationRange": 0.42384076,
  "transformMin": {
    "x": 0.6023975,
    "y": 0.12959416,
    "z": 0.8125059
  },
  "transformMax": {
    "x": 0.44293985,
    "y": 0.4870414,
    "z": 0.33807215
  },
  "seed": 63436652
}