{
  "matrixCount": 4,
  "scaleOffset": 0.26007318,
  "rotationRange": 0.6796498,
  "transformMin": {
    "x": 0.7638238,
    "y": 0.35324714,
    "z": 0.5174597
  },
  "transformMax": {
    "x": 0.18009865,
    "y": 0.17389254,
    "z": 0.520329
  },
  "seed": 263683737
}