{
  "matrixCount": 5,
  "scaleOffset": 0.8530692,
  "rotationRange": 0.6585672,
  "transformMin": {
    "x": 0.70727205,
    "y": 0.93091255,
    "z": 0.00018103002
  },
  "transformMax": {
    "x": 0.12157582,
    "y": 0.92889315,
    "z": 0.18669789
  },
  "seed": 568085962
}