{
  "matrixCount": 5,
  "scaleOffset": 0.66388744,
  "rotationRange": 0.43277547,
  "transformMin": {
    "x": 0.28188655,
    "y": 0.87557054,
    "z": 0.15802154
  },
  "transformMax": {
    "x": 0.55327713,
    "y": 0.3822542,
    "z": 0.079158284
  },
  "seed": 516366145
}