{
  "matrixCount": 5,
  "scaleOffset": 0.15648736,
  "rotationRange": 0.8244773,
  "transformMin": {
    "x": 0.88642496,
    "y": 0.7156783,
    "z": 0.57393914
  },
  "transformMax": {
    "x": 0.39354068,
    "y": 0.73617494,
    "z": 0.902141
  },
  "seed": 77709192
}