{
  "matrixCount": 4,
  "scaleOffset": 0.1724203,
  "rotationRange": 0.5655223,
  "transformMin": {
    "x": 0.12960069,
    "y": 0.716125,
    "z": 0.99207765
  },
  "transformMax": {
    "x": 0.3634246,
    "y": 0.7075019,
    "z": 0.4839556
  },
  "seed": 512967345
}