{
  "matrixCount": 5,
  "scaleOffset": 0.47309336,
  "rotationRange": 0.19963527,
  "transformMin": {
    "x": 0.5312772,
    "y": 0.5102457,
    "z": 0.66693366
  },
  "transformMax": {
    "x": 0.23414952,
    "y": 0.8875107,
    "z": 0.56112766
  },
  "seed": 642521304
}