{
  "matrixCount": 5,
  "scaleOffset": 0.0390968,
  "rotationRange": 0.27720705,
  "transformMin": {
    "x": 0.34889415,
    "y": 0.2789924,
    "z": 0.9459205
  },
  "transformMax": {
    "x": 0.26141816,
    "y": 0.71969336,
    "z": 0.8456387
  },
  "seed": 575393399
}