{
  "matrixCount": 5,
  "scaleOffset": 0.2299885,
  "rotationRange": 0.15809183,
  "transformMin": {
    "x": 0.39269537,
    "y": 0.1420384,
    "z": 0.57001424
  },
  "transformMax": {
    "x": 0.49211,
    "y": 0.44590434,
    "z": 0.18837307
  },
  "seed": 552861844
}