{
  "matrixCount": 5,
  "scaleOffset": 0.85317844,
  "rotationRange": 0.7959726,
  "transformMin": {
    "x": 0.39060098,
    "y": 0.035006266,
    "z": 0.68183184
  },
  "transformMax": {
    "x": 0.5557072,
    "y": 0.085377455,
    "z": 0.088169254
  },
  "seed": 672489186
}