{
  "matrixCount": 5,
  "scaleOffset": 0.7745538,
  "rotationRange": 0.00906181,
  "transformMin": {
    "x": 0.41072336,
    "y": 0.45486018,
    "z": 0.77380073
  },
  "transformMax": {
    "x": 0.3625648,
    "y": 0.80422765,
    "z": 0.1674641
  },
  "seed": 325500694
}