{
  "matrixCount": 5,
  "scaleOffset": 0.45793185,
  "rotationRange": 0.7647493,
  "transformMin": {
    "x": 0.27659097,
    "y": 0.9625966,
    "z": 0.63024884
  },
  "transformMax": {
    "x": 0.74018866,
    "y": 0.8961218,
    "z": 0.9409075
  },
  "seed": 301640775
}