{
  "matrixCount": 4,
  "scaleOffset": 0.19596416,
  "rotationRange": 0.02582465,
  "transformMin": {
    "x": 0.87138987,
    "y": 0.019146442,
    "z": 0.39779034
  },
  "transformMax": {
    "x": 0.1721883,
    "y": 0.049471565,
    "z": 0.98957336
  },
  "seed": 64453674
}