{
  "matrixCount": 4,
  "scaleOffset": 0.7560068,
  "rotationRange": 0.5397619,
  "transformMin": {
    "x": 0.23856677,
    "y": 0.6342231,
    "z": 0.63712215
  },
  "transformMax": {
    "x": 0.43593118,
    "y": 0.81667405,
    "z": 0.46639064
  },
  "seed": 483074094
}