{
  "matrixCount": 4,
  "scaleOffset": 0.13479586,
  "rotationRange": 0.11302803,
  "transformMin": {
    "x": 0.46523333,
    "y": 0.27917406,
    "z": 0.21792768
  },
  "transformMax": {
    "x": 0.7871795,
    "y": 0.6327245,
    "z": 0.73396266
  },
  "seed": 71689596
}