{
  "matrixCount": 4,
  "scaleOffset": 0.23715344,
  "rotationRange": 0.9510151,
  "transformMin": {
    "x": 0.90734965,
    "y": 0.043683633,
    "z": 0.026243677
  },
  "transformMax": {
    "x": 0.52043605,
    "y": 0.353492,
    "z": 0.685226
  },
  "seed": 230240680
}