{
  "matrixCount": 4,
  "scaleOffset": 0.4371873,
  "rotationRange": 0.15136898,
  "transformMin": {
    "x": 0.41116628,
    "y": 0.9329924,
    "z": 0.5965781
  },
  "transformMax": {
    "x": 0.43618718,
    "y": 0.291859,
    "z": 0.6625609
  },
  "seed": 150832649
}