{
  "matrixCount": 4,
  "scaleOffset": 0.9660911,
  "rotationRange": 0.26164043,
  "transformMin": {
    "x": 0.212101,
    "y": 0.9262442,
    "z": 0.090284005
  },
  "transformMax": {
    "x": 0.23351955,
    "y": 0.6639557,
    "z": 0.99257743
  },
  "seed": 446899865
}