{
  "matrixCount": 4,
  "scaleOffset": 0.20424604,
  "rotationRange": 0.27608714,
  "transformMin": {
    "x": 0.7721547,
    "y": 0.495824,
    "z": 0.680672
  },
  "transformMax": {
    "x": 0.15637462,
    "y": 0.83783346,
    "z": 0.6507975
  },
  "seed": 451079348
}