{
  "matrixCount": 4,
  "scaleOffset": 0.27027908,
  "rotationRange": 0.17607637,
  "transformMin": {
    "x": 0.25301775,
    "y": 0.11032739,
    "z": 0.6447693
  },
  "transformMax": {
    "x": 0.8102612,
    "y": 0.825487,
    "z": 0.90301925
  },
  "seed": 913629262
}