{
  "matrixCount": 5,
  "scaleOffset": 0.6775974,
  "rotationRange": 0.85000515,
  "transformMin": {
    "x": 0.3087984,
    "y": 0.8673133,
    "z": 0.9182823
  },
  "transformMax": {
    "x": 0.37924808,
    "y": 0.4557366,
    "z": 0.2606323
  },
  "seed": 29576993
}