{
  "matrixCount": 4,
  "scaleOffset": 0.18186334,
  "rotationRange": 0.27167958,
  "transformMin": {
    "x": 0.14874624,
    "y": 0.14860916,
    "z": 0.5087242
  },
  "transformMax": {
    "x": 0.2839693,
    "y": 0.627125,
    "z": 0.34968343
  },
  "seed": 671036669
}