{
  "matrixCount": 4,
  "scaleOffset": 0.8950982,
  "rotationRange": 0.17025429,
  "transformMin": {
    "x": 0.52965206,
    "y": 0.92536765,
    "z": 0.7558322
  },
  "transformMax": {
    "x": 0.51162815,
    "y": 0.76852775,
    "z": 0.45265296
  },
  "seed": 509461334
}