{
  "matrixCount": 5,
  "scaleOffset": 0.05298826,
  "rotationRange": 0.03471556,
  "transformMin": {
    "x": 0.46390414,
    "y": 0.413674,
    "z": 0.78933066
  },
  "transformMax": {
    "x": 0.35420662,
    "y": 0.44155186,
    "z": 0.40332726
  },
  "seed": 962889633
}