{
  "matrixCount": 5,
  "scaleOffset": 0.09276428,
  "rotationRange": 0.5960676,
  "transformMin": {
    "x": 0.99287677,
    "y": 0.8654247,
    "z": 0.029604206
  },
  "transformMax": {
    "x": 0.9120231,
    "y": 0.30400148,
    "z": 0.6042628
  },
  "seed": 993571744
}