{
  "matrixCount": 4,
  "scaleOffset": 0.5140246,
  "rotationRange": 0.4802822,
  "transformMin": {
    "x": 0.30750632,
    "y": 0.37557134,
    "z": 0.2201485
  },
  "transformMax": {
    "x": 0.996996,
    "y": 0.41799715,
    "z": 0.21156572
  },
  "seed": 653518662
}