{
  "matrixCount": 5,
  "scaleOffset": 0.212531,
  "rotationRange": 0.8834286,
  "transformMin": {
    "x": 0.7332439,
    "y": 0.34645945,
    "z": 0.8256461
  },
  "transformMax": {
    "x": 0.10006902,
    "y": 0.62195945,
    "z": 0.41523737
  },
  "seed": 278329525
}