{
  "matrixCount": 4,
  "scaleOffset": 0.341387,
  "rotationRange": 0.40375924,
  "transformMin": {
    "x": 0.75401145,
    "y": 0.5524249,
    "z": 0.15709205
  },
  "transformMax": {
    "x": 0.515708,
    "y": 0.149667,
    "z": 0.36884567
  },
  "seed": 967167751
}