{
  "matrixCount": 5,
  "scaleOffset": 0.6636683,
  "rotationRange": 0.33724037,
  "transformMin": {
    "x": 0.5240893,
    "y": 0.21230859,
    "z": 0.6601324
  },
  "transformMax": {
    "x": 0.58850366,
    "y": 0.84374756,
    "z": 0.69371426
  },
  "seed": 772201751
}