{
  "matrixCount": 5,
  "scaleOffset": 0.48978472,
  "rotationRange": 0.26834926,
  "transformMin": {
    "x": 0.2319705,
    "y": 0.15814854,
    "z": 0.822665
  },
  "transformMax": {
    "x": 0.84711444,
    "y": 0.625926,
    "z": 0.466372
  },
  "seed": 324166951
}