{
  "matrixCount": 4,
  "scaleOffset": 0.8457442,
  "rotationRange": 0.8628516,
  "transformMin": {
    "x": 0.9518088,
    "y": 0.9033026,
    "z": 0.058930907
  },
  "transformMax": {
    "x": 0.7595416,
    "y": 0.8542715,
    "z": 0.20821911
  },
  "seed": 420425254
}