{
  "matrixCount": 4,
  "scaleOffset": 0.31815803,
  "rotationRange": 0.061623517,
  "transformMin": {
    "x": 0.17200175,
    "y": 0.2425026,
    "z": 0.5704563
  },
  "transformMax": {
    "x": 0.7319451,
    "y": 0.6447464,
    "z": 0.069305725
  },
  "seed": 974933018
}