{
  "matrixCount": 5,
  "scaleOffset": 0.2555538,
  "rotationRange": 0.5314639,
  "transformMin": {
    "x": 0.26277158,
    "y": 0.265533,
    "z": 0.24323131
  },
  "transformMax": {
    "x": 0.89859116,
    "y": 0.839164,
    "z": 0.007693079
  },
  "seed": 468397740
}