{
  "matrixCount": 5,
  "scaleOffset": 0.08657693,
  "rotationRange": 0.41248512,
  "transformMin": {
    "x": 0.9248398,
    "y": 0.4282032,
    "z": 0.39490303
  },
  "transformMax": {
    "x": 0.19814451,
    "y": 0.4597651,
    "z": 0.9598848
  },
  "seed": 885999583
}