{
  "matrixCount": 5,
  "scaleOffset": 0.3012472,
  "rotationRange": 0.18629906,
  "transformMin": {
    "x": 0.09377998,
    "y": 0.98008037,
    "z": 0.2012394
  },
  "transformMax": {
    "x": 0.54735535,
    "y": 0.9746833,
    "z": 0.5124249
  },
  "seed": 972887247
}