{
  "matrixCount": 4,
  "scaleOffset": 0.3030967,
  "rotationRange": 0.40015605,
  "transformMin": {
    "x": 0.6009362,
    "y": 0.38753474,
    "z": 0.007979869
  },
  "transformMax": {
    "x": 0.7599431,
    "y": 0.6796925,
    "z": 0.24178058
  },
  "seed": 132264714
}