{
  "matrixCount": 4,
  "scaleOffset": 0.33370772,
  "rotationRange": 0.69782484,
  "transformMin": {
    "x": 0.5741247,
    "y": 0.51977384,
    "z": 0.763868
  },
  "transformMax": {
    "x": 0.62654585,
    "y": 0.71019214,
    "z": 0.20352753
  },
  "seed": 897253293
}