{
  "matrixCount": 4,
  "scaleOffset": 0.41061914,
  "rotationRange": 0.36960977,
  "transformMin": {
    "x": 0.76119024,
    "y": 0.90851635,
    "z": 0.98000044
  },
  "transformMax": {
    "x": 0.89178663,
    "y": 0.3102463,
    "z": 0.3146296
  },
  "seed": 882891988
}