{
  "matrixCount": 5,
  "scaleOffset": 0.72065145,
  "rotationRange": 0.014133892,
  "transformMin": {
    "x": 0.033366263,
    "y": 0.93981487,
    "z": 0.20136541
  },
  "transformMax": {
    "x": 0.1365915,
    "y": 0.7657029,
    "z": 0.59780425
  },
  "seed": 544657212
}