{
  "matrixCount": 5,
  "scaleOffset": 0.16707599,
  "rotationRange": 0.3323415,
  "transformMin": {
    "x": 0.12919825,
    "y": 0.7609063,
    "z": 0.70727617
  },
  "transformMax": {
    "x": 0.70961297,
    "y": 0.06490871,
    "z": 0.67807543
  },
  "seed": 785045236
}