{
  "matrixCount": 5,
  "scaleOffset": 0.18361707,
  "rotationRange": 0.15782416,
  "transformMin": {
    "x": 0.20693922,
    "y": 0.08186194,
    "z": 0.7559863
  },
  "transformMax": {
    "x": 0.13789082,
    "y": 0.518805,
    "z": 0.08439725
  },
  "seed": 514040697
}