{
  "matrixCount": 5,
  "scaleOffset": 0.35709172,
  "rotationRange": 0.8671486,
  "transformMin": {
    "x": 0.033971332,
    "y": 0.13550459,
    "z": 0.13306874
  },
  "transformMax": {
    "x": 0.17729674,
    "y": 0.2650509,
    "z": 0.7732507
  },
  "seed": 352383460
}