{
  "matrixCount": 4,
  "scaleOffset": 0.44225284,
  "rotationRange": 0.5811633,
  "transformMin": {
    "x": 0.9558526,
    "y": 0.23151341,
    "z": 0.45917183
  },
  "transformMax": {
    "x": 0.85642076,
    "y": 0.33028173,
    "z": 0.39896333
  },
  "seed": 691727444
}