{
  "matrixCount": 5,
  "scaleOffset": 0.49924424,
  "rotationRange": 0.24504516,
  "transformMin": {
    "x": 0.8553466,
    "y": 0.14986522,
    "z": 0.45851704
  },
  "transformMax": {
    "x": 0.020915,
    "y": 0.80974,
    "z": 0.10364561
  },
  "seed": 809203812
}