{
  "matrixCount": 5,
  "scaleOffset": 0.8869781,
  "rotationRange": 0.39692673,
  "transformMin": {
    "x": 0.82504666,
    "y": 0.92315304,
    "z": 0.82477385
  },
  "transformMax": {
    "x": 0.9380672,
    "y": 0.8285606,
    "z": 0.16405506
  },
  "seed": 121186096
}