{
  "matrixCount": 4,
  "scaleOffset": 0.75121874,
  "rotationRange": 0.095730424,
  "transformMin": {
    "x": 0.65215254,
    "y": 0.65784585,
    "z": 0.6383747
  },
  "transformMax": {
    "x": 0.4519337,
    "y": 0.22056857,
    "z": 0.9157339
  },
  "seed": 194910765
}