{
  "matrixCount": 4,
  "scaleOffset": 0.010039616,
  "rotationRange": 0.5827987,
  "transformMin": {
    "x": 0.7440425,
    "y": 0.41081154,
    "z": 0.33398622
  },
  "transformMax": {
    "x": 0.9021495,
    "y": 0.8401584,
    "z": 0.33450016
  },
  "seed": 581289418
}