{
  "matrixCount": 5,
  "scaleOffset": 0.42152166,
  "rotationRange": 0.31156275,
  "transformMin": {
    "x": 0.5904559,
    "y": 0.89147353,
    "z": 0.4883883
  },
  "transformMax": {
    "x": 0.7546761,
    "y": 0.061553016,
    "z": 0.6940622
  },
  "seed": 261664414
}