{
  "matrixCount": 4,
  "scaleOffset": 0.4463091,
  "rotationRange": 0.106882825,
  "transformMin": {
    "x": 0.19353761,
    "y": 0.9645817,
    "z": 0.21917407
  },
  "transformMax": {
    "x": 0.36208057,
    "y": 0.8377424,
    "z": 0.90977454
  },
  "seed": 310363157
}