{
  "matrixCount": 4,
  "scaleOffset": 0.2268167,
  "rotationRange": 0.307617,
  "transformMin": {
    "x": 0.49396327,
    "y": 0.18268307,
    "z": 0.40433344
  },
  "transformMax": {
    "x": 0.83434945,
    "y": 0.7332094,
    "z": 0.5361298
  },
  "seed": 242136057
}