{
  "matrixCount": 5,
  "scaleOffset": 0.5779951,
  "rotationRange": 0.029380973,
  "transformMin": {
    "x": 0.8749111,
    "y": 0.9244325,
    "z": 0.7113698
  },
  "transformMax": {
    "x": 0.46852985,
    "y": 0.4842859,
    "z": 0.8082676
  },
  "seed": 133059969
}