{
  "matrixCount": 5,
  "scaleOffset": 0.13722421,
  "rotationRange": 0.56202424,
  "transformMin": {
    "x": 0.7425439,
    "y": 0.80533755,
    "z": 0.67700297
  },
  "transformMax": {
    "x": 0.13108587,
    "y": 0.035365883,
    "z": 0.97996455
  },
  "seed": 559290099
}