{
  "matrixCount": 5,
  "scaleOffset": 0.12160727,
  "rotationRange": 0.7225259,
  "transformMin": {
    "x": 0.5208286,
    "y": 0.20831957,
    "z": 0.016661828
  },
  "transformMax": {
    "x": 0.9156663,
    "y": 0.19852431,
    "z": 0.9371423
  },
  "seed": 655619293
}