{
  "matrixCount": 5,
  "scaleOffset": 0.31389102,
  "rotationRange": 0.64586204,
  "transformMin": {
    "x": 0.37659156,
    "y": 0.47704569,
    "z": 0.10306046
  },
  "transformMax": {
    "x": 0.4337492,
    "y": 0.25767928,
    "z": 0.84434015
  },
  "seed": 341027786
}