{
  "matrixCount": 5,
  "scaleOffset": 0.76876825,
  "rotationRange": 0.641167,
  "transformMin": {
    "x": 0.17022571,
    "y": 0.1614005,
    "z": 0.41774914
  },
  "transformMax": {
    "x": 0.7896786,
    "y": 0.77385247,
    "z": 0.1432363
  },
  "seed": 793630341
}